/*******************************************************************************
 * Size: 16 px
 * Bpp: 2
 * Opts: --bpp 2 --size 16 --no-compress --font SourceHanSansCN-Bold-2.otf --symbols 父 母 儿 女 爷 奶 孙 子 伯 叔 姑 舅 姨 侄 甥 岳 夫 妻 兄 弟 姐 妹 曾 高 玄 外 继 养 堂 表 亲 姻 配 婿 媳 双 干 前 后 男 哥 嫂 婶 妗 姪 丈 妇 祖 宗 人 家 公 婆 属 族 辈 分 直 系 旁 血 监 护 计 算 清 除 确 定 返 回 输 入 删 历 史 记 录 帮 助 提 示 错 误 无 效 检 查 修 改 保 存 导 出 打 印 复 制 粘 贴 退 新 建 开 关 闭 重 置 设 置 详 情 简 介 操 作 说 明 支 持 联 系 反 馈 版 本 更 日 志 之 和 或 及 与 同 异 非 包 含 属 于 括 所 有 任 意 某 个 每 若 干 年 月 日 时 分 秒 第 一 二 三 四 五 六 七 八 九 十 百 千 万 代 0 1 2 3 4 5 6 7 8 9 + - × ÷ = ≠ ≈ ≤ ≥ < > ( ) 【 】 《 》 「 」 ‘ ’ “ ” ， 。 、 ？ ！ ： ； … — ～ 器 空 这是一个亲属关系计算器,这只是v0的简陋版 操作说明：选择亲属关系后点击 未 知 支持的关系 自 己 --range 32-127 --format lvgl -o lv_font_chinese_siyuan_16.c
 ******************************************************************************/

#ifdef LV_LVGL_H_INCLUDE_SIMPLE
#include "lvgl.h"
#else
#include "lvgl/lvgl.h"
#endif

#ifndef LV_FONT_CHINESE_SIYUAN_16
#define LV_FONT_CHINESE_SIYUAN_16 1
#endif

#if LV_FONT_CHINESE_SIYUAN_16

/*-----------------
 *    BITMAPS
 *----------------*/

/*Store the image of the glyphs*/
static LV_ATTRIBUTE_LARGE_CONST const uint8_t glyph_bitmap[] = {
    /* U+0020 " " */

    /* U+0021 "!" */
    0x3c, 0x3c, 0x3c, 0x3c, 0x3c, 0x3c, 0x3c, 0x38,
    0x0, 0x3c, 0x7d, 0x3c,

    /* U+0022 "\"" */
    0xbc, 0xbe, 0xe2, 0xe7, 0x87, 0x9e, 0x1e, 0x34,
    0x34, 0x80, 0x80,

    /* U+0023 "#" */
    0x3, 0x4a, 0x0, 0xc3, 0x80, 0x70, 0xe0, 0xff,
    0xff, 0x2f, 0xae, 0x42, 0x87, 0x0, 0xe1, 0xc1,
    0xff, 0xfe, 0x1e, 0x7d, 0x3, 0x4a, 0x1, 0xc3,
    0x80, 0x70, 0xd0,

    /* U+0024 "$" */
    0x0, 0xe0, 0x0, 0x38, 0x0, 0xbf, 0xd0, 0x7e,
    0xbc, 0x2e, 0x0, 0xb, 0x80, 0x1, 0xfc, 0x0,
    0x1f, 0xe0, 0x0, 0xbf, 0x0, 0x7, 0xc0, 0x0,
    0xf4, 0xfe, 0xfc, 0x1f, 0xfc, 0x0, 0x38, 0x0,
    0xe, 0x0,

    /* U+0025 "%" */
    0xf, 0x80, 0xd, 0x0, 0xf7, 0xc0, 0xb0, 0x7,
    0x4b, 0x3, 0x40, 0x1c, 0x1c, 0x28, 0x0, 0x74,
    0x70, 0xc0, 0x0, 0xe3, 0xca, 0x2f, 0x81, 0xfc,
    0x71, 0xc3, 0x40, 0x3, 0x8b, 0xf, 0x0, 0x1c,
    0x3c, 0x3c, 0x0, 0xe0, 0xb0, 0xe0, 0x7, 0x1,
    0xeb, 0x40, 0x34, 0x1, 0xf4,

    /* U+0026 "&" */
    0x2, 0xf8, 0x0, 0xb, 0xee, 0x0, 0xf, 0xf,
    0x0, 0xf, 0x2e, 0x0, 0xb, 0xfc, 0x0, 0xb,
    0xe0, 0x28, 0x2f, 0xf0, 0x7c, 0x3d, 0xbc, 0xf4,
    0x7c, 0x2f, 0xf0, 0x7c, 0xf, 0xf4, 0x3f, 0xff,
    0xfd, 0xb, 0xf8, 0x2c,

    /* U+0027 "'" */
    0xbe, 0xe7, 0x9e, 0x34, 0x80,

    /* U+0028 "(" */
    0x0, 0x2, 0x80, 0xf0, 0xb4, 0x3c, 0xe, 0x7,
    0x82, 0xd0, 0xb4, 0x2d, 0xb, 0x41, 0xe0, 0x38,
    0xf, 0x2, 0xd0, 0x38, 0xb, 0x0, 0x0,

    /* U+0029 ")" */
    0x0, 0xa, 0x2, 0xc0, 0x78, 0xf, 0x2, 0xc0,
    0xb4, 0x1e, 0x7, 0x81, 0xe0, 0x78, 0x2d, 0xb,
    0x43, 0xc0, 0xe0, 0xb0, 0x38, 0x0, 0x0,

    /* U+002A "*" */
    0x2, 0x80, 0x12, 0xc4, 0x3f, 0xfc, 0xb, 0xe0,
    0xf, 0xf0, 0xc, 0x30, 0x0, 0x0,

    /* U+002B "+" */
    0x0, 0x40, 0x0, 0x38, 0x0, 0xe, 0x0, 0x3,
    0x80, 0x7f, 0xff, 0xca, 0xbe, 0xa0, 0xe, 0x0,
    0x3, 0x80, 0x0, 0xe0, 0x0,

    /* U+002C "," */
    0x9, 0xb, 0xc1, 0xf4, 0x1c, 0x1f, 0xf, 0x0,
    0x0,

    /* U+002D "-" */
    0x2a, 0x83, 0xfc,

    /* U+002E "." */
    0x0, 0x78, 0xfc, 0x78,

    /* U+002F "/" */
    0x0, 0xe0, 0xd, 0x1, 0xc0, 0x2c, 0x3, 0x80,
    0x34, 0x7, 0x0, 0xb0, 0xe, 0x0, 0xd0, 0x2c,
    0x3, 0xc0, 0x38, 0x7, 0x40, 0xb0, 0x5, 0x0,

    /* U+0030 "0" */
    0x2, 0xf4, 0x3, 0xff, 0x82, 0xe0, 0xf0, 0xf0,
    0x3d, 0x3c, 0xb, 0x8f, 0x2, 0xe3, 0xc0, 0xb8,
    0xf0, 0x2e, 0x3c, 0xf, 0x4b, 0x83, 0xc0, 0xff,
    0xe0, 0xb, 0xd0,

    /* U+0031 "1" */
    0xb, 0xc0, 0x7f, 0xc0, 0x1b, 0xc0, 0x3, 0xc0,
    0x3, 0xc0, 0x3, 0xc0, 0x3, 0xc0, 0x3, 0xc0,
    0x3, 0xc0, 0x3, 0xc0, 0xbf, 0xfd, 0xbf, 0xfd,

    /* U+0032 "2" */
    0xb, 0xf4, 0xf, 0xff, 0x42, 0x42, 0xf0, 0x0,
    0x7c, 0x0, 0x1f, 0x0, 0xb, 0x80, 0x7, 0xc0,
    0x3, 0xd0, 0x3, 0xe0, 0x3, 0xe0, 0x3, 0xff,
    0xf9, 0xff, 0xfe,

    /* U+0033 "3" */
    0xb, 0xf4, 0xf, 0xff, 0x81, 0x42, 0xf0, 0x0,
    0x7c, 0x0, 0x3e, 0x0, 0xfe, 0x0, 0x2f, 0xd0,
    0x0, 0x3d, 0x0, 0xf, 0x4d, 0x7, 0xd7, 0xff,
    0xf0, 0x2f, 0xe0,

    /* U+0034 "4" */
    0x0, 0xbe, 0x0, 0x3f, 0x80, 0x2f, 0xe0, 0x1f,
    0xb8, 0xf, 0x6e, 0xb, 0x8b, 0x83, 0xc2, 0xe2,
    0xfa, 0xfe, 0xbf, 0xff, 0xc0, 0xb, 0x80, 0x2,
    0xe0, 0x0, 0xb8,

    /* U+0035 "5" */
    0x1f, 0xff, 0x7, 0xff, 0xc1, 0xe0, 0x0, 0xb8,
    0x0, 0x2e, 0xa4, 0xb, 0xff, 0x80, 0x41, 0xf4,
    0x0, 0x3d, 0x0, 0xf, 0x4d, 0x7, 0xc7, 0xff,
    0xe0, 0x2f, 0xd0,

    /* U+0036 "6" */
    0x1, 0xfd, 0x2, 0xff, 0xd1, 0xf0, 0x10, 0xf4,
    0x0, 0x3c, 0x64, 0xf, 0xff, 0xc3, 0xe0, 0xf4,
    0xf0, 0x1e, 0x3c, 0x7, 0x87, 0x83, 0xd0, 0xff,
    0xf0, 0xb, 0xe0,

    /* U+0037 "7" */
    0x3f, 0xff, 0x8f, 0xff, 0xe0, 0x0, 0xf0, 0x0,
    0xf0, 0x0, 0x78, 0x0, 0x3d, 0x0, 0xf, 0x0,
    0x7, 0xc0, 0x2, 0xe0, 0x0, 0xf8, 0x0, 0x3d,
    0x0, 0xf, 0x40,

    /* U+0038 "8" */
    0x7, 0xf8, 0x7, 0xef, 0x82, 0xe0, 0xf0, 0xb4,
    0x3c, 0x1f, 0x4e, 0x2, 0xff, 0x0, 0xff, 0xe0,
    0xf0, 0x7d, 0x3c, 0xb, 0x8f, 0x3, 0xe2, 0xfb,
    0xf0, 0x1f, 0xe0,

    /* U+0039 "9" */
    0x7, 0xf4, 0xb, 0xff, 0x43, 0xc1, 0xf1, 0xf0,
    0x3d, 0x7c, 0xb, 0x4f, 0x47, 0xe2, 0xff, 0xf8,
    0x1a, 0x2d, 0x0, 0xf, 0x1, 0xb, 0xc3, 0xff,
    0xc0, 0x2f, 0x80,

    /* U+003A ":" */
    0x78, 0xfc, 0x78, 0x0, 0x0, 0x0, 0x78, 0xfc,
    0x78,

    /* U+003B ";" */
    0x1e, 0xf, 0xc1, 0xe0, 0x0, 0x0, 0x0, 0x0,
    0x90, 0xbc, 0x1f, 0x41, 0xc1, 0xf0, 0xf0, 0x0,
    0x0,

    /* U+003C "<" */
    0x0, 0x1, 0x80, 0xb, 0xf0, 0x7f, 0xe1, 0xfe,
    0x0, 0x7e, 0x40, 0x6, 0xfe, 0x40, 0x7, 0xfc,
    0x0, 0xa, 0x0, 0x0, 0x0,

    /* U+003D "=" */
    0x7f, 0xff, 0xda, 0xaa, 0xa0, 0x0, 0x0, 0x0,
    0x0, 0x7f, 0xff, 0xda, 0xaa, 0xa0,

    /* U+003E ">" */
    0x50, 0x0, 0x1f, 0x90, 0x1, 0xbf, 0x80, 0x1,
    0xbe, 0x0, 0x2f, 0xc2, 0xff, 0x47, 0xf8, 0x1,
    0x90, 0x0, 0x0, 0x0, 0x0,

    /* U+003F "?" */
    0xb, 0xe0, 0x3f, 0xfc, 0x14, 0x3d, 0x0, 0x3c,
    0x0, 0xbc, 0x1, 0xf0, 0x3, 0xc0, 0x3, 0xc0,
    0x0, 0x0, 0x3, 0x80, 0x7, 0xc0, 0x3, 0x80,

    /* U+0040 "@" */
    0x0, 0xb, 0xf9, 0x0, 0x0, 0xbe, 0x6b, 0xc0,
    0x3, 0xd0, 0x0, 0xf0, 0xb, 0x0, 0x0, 0x38,
    0x1e, 0x7, 0xed, 0x2c, 0x2c, 0x1e, 0x7c, 0x1c,
    0x38, 0x3c, 0x3c, 0x1c, 0x38, 0x38, 0x38, 0x1c,
    0x38, 0x74, 0x38, 0x3c, 0x3c, 0x3c, 0xbc, 0xb0,
    0x2d, 0x2f, 0x9f, 0xd0, 0xf, 0x0, 0x0, 0x0,
    0x7, 0xe4, 0x14, 0x0, 0x0, 0xbf, 0xf8, 0x0,
    0x0, 0x1, 0x0, 0x0,

    /* U+0041 "A" */
    0x0, 0x7e, 0x0, 0x0, 0xbf, 0x0, 0x0, 0xfb,
    0x40, 0x1, 0xe7, 0x80, 0x2, 0xd3, 0xc0, 0x3,
    0xc3, 0xd0, 0x7, 0xc2, 0xe0, 0xb, 0xff, 0xf0,
    0xf, 0xff, 0xf0, 0x1f, 0x0, 0xf8, 0x2f, 0x0,
    0xbc, 0x3d, 0x0, 0x7c,

    /* U+0042 "B" */
    0xbf, 0xf8, 0xb, 0xff, 0xf0, 0xbc, 0xf, 0x8b,
    0xc0, 0xb8, 0xbc, 0x1f, 0xb, 0xff, 0xd0, 0xbe,
    0xbf, 0x4b, 0xc0, 0x7c, 0xbc, 0x3, 0xcb, 0xc0,
    0x7c, 0xbf, 0xff, 0x8b, 0xff, 0xd0,

    /* U+0043 "C" */
    0x0, 0xbe, 0x40, 0x1f, 0xff, 0x80, 0xfc, 0x18,
    0xb, 0xc0, 0x0, 0x3e, 0x0, 0x0, 0xf4, 0x0,
    0x3, 0xd0, 0x0, 0xf, 0x80, 0x0, 0x2f, 0x0,
    0x0, 0x3e, 0x7, 0x40, 0x7f, 0xfe, 0x0, 0x2f,
    0xd0,

    /* U+0044 "D" */
    0xbf, 0xe4, 0xb, 0xff, 0xf0, 0xbc, 0x1f, 0x8b,
    0xc0, 0x7c, 0xbc, 0x3, 0xdb, 0xc0, 0x3d, 0xbc,
    0x3, 0xdb, 0xc0, 0x3d, 0xbc, 0x7, 0xcb, 0xc1,
    0xf8, 0xbf, 0xff, 0xb, 0xfe, 0x40,

    /* U+0045 "E" */
    0xbf, 0xfe, 0xbf, 0xfe, 0xbc, 0x0, 0xbc, 0x0,
    0xbc, 0x0, 0xbf, 0xfc, 0xbf, 0xfc, 0xbc, 0x0,
    0xbc, 0x0, 0xbc, 0x0, 0xbf, 0xff, 0xbf, 0xff,

    /* U+0046 "F" */
    0xbf, 0xfe, 0xbf, 0xfe, 0xbc, 0x0, 0xbc, 0x0,
    0xbc, 0x0, 0xbf, 0xfc, 0xbf, 0xfc, 0xbc, 0x0,
    0xbc, 0x0, 0xbc, 0x0, 0xbc, 0x0, 0xbc, 0x0,

    /* U+0047 "G" */
    0x0, 0xbf, 0x80, 0x1f, 0xff, 0xc0, 0xfc, 0x9,
    0xb, 0xc0, 0x0, 0x3e, 0x0, 0x0, 0xf4, 0x2f,
    0xd3, 0xd0, 0xff, 0x4f, 0x80, 0x2d, 0x2f, 0x0,
    0xb4, 0x3f, 0x43, 0xd0, 0x7f, 0xff, 0x40, 0x2f,
    0xe0,

    /* U+0048 "H" */
    0xbc, 0x2, 0xeb, 0xc0, 0x2e, 0xbc, 0x2, 0xeb,
    0xc0, 0x2e, 0xbc, 0x2, 0xeb, 0xff, 0xfe, 0xbf,
    0xff, 0xeb, 0xc0, 0x2e, 0xbc, 0x2, 0xeb, 0xc0,
    0x2e, 0xbc, 0x2, 0xeb, 0xc0, 0x2e,

    /* U+0049 "I" */
    0xbe, 0xfb, 0xef, 0xbe, 0xfb, 0xef, 0xbe, 0xfb,
    0xef,

    /* U+004A "J" */
    0x0, 0x2e, 0x0, 0x2e, 0x0, 0x2e, 0x0, 0x2e,
    0x0, 0x2e, 0x0, 0x2e, 0x0, 0x2e, 0x0, 0x2e,
    0x0, 0x2e, 0x38, 0x3d, 0x3f, 0xfc, 0xb, 0xe0,

    /* U+004B "K" */
    0xbc, 0xb, 0xc2, 0xf0, 0x7d, 0xb, 0xc3, 0xd0,
    0x2f, 0x3e, 0x0, 0xbe, 0xf0, 0x2, 0xff, 0xc0,
    0xb, 0xff, 0xc0, 0x2f, 0x8f, 0x40, 0xbc, 0x2f,
    0x2, 0xf0, 0x3e, 0xb, 0xc0, 0x7c, 0x2f, 0x0,
    0xfc,

    /* U+004C "L" */
    0xbc, 0x0, 0xbc, 0x0, 0xbc, 0x0, 0xbc, 0x0,
    0xbc, 0x0, 0xbc, 0x0, 0xbc, 0x0, 0xbc, 0x0,
    0xbc, 0x0, 0xbc, 0x0, 0xbf, 0xfe, 0xbf, 0xfe,

    /* U+004D "M" */
    0xbd, 0x0, 0xbc, 0xbe, 0x0, 0xfc, 0xbf, 0x1,
    0xfc, 0xbf, 0x42, 0xfc, 0xbb, 0x83, 0xfc, 0xb7,
    0xc7, 0x7c, 0xb9, 0xdb, 0x3c, 0xb8, 0xee, 0x3c,
    0xb8, 0xfd, 0x3c, 0xb8, 0x7c, 0x3c, 0xb8, 0x38,
    0x3c, 0xb8, 0x0, 0x3c,

    /* U+004E "N" */
    0xbc, 0x2, 0xeb, 0xe0, 0x2e, 0xbf, 0x2, 0xeb,
    0xbc, 0x2e, 0xbb, 0xd2, 0xeb, 0x9f, 0x2e, 0xb8,
    0xf6, 0xeb, 0x87, 0xee, 0xb8, 0x3e, 0xeb, 0x80,
    0xfe, 0xb8, 0xb, 0xeb, 0x80, 0x3e,

    /* U+004F "O" */
    0x1, 0xbe, 0x40, 0x7, 0xff, 0xf0, 0xf, 0x81,
    0xf8, 0x2f, 0x0, 0xbc, 0x3d, 0x0, 0x3c, 0x3d,
    0x0, 0x3d, 0x3d, 0x0, 0x3d, 0x3d, 0x0, 0x3c,
    0x2f, 0x0, 0xbc, 0xf, 0x81, 0xf4, 0x7, 0xff,
    0xe0, 0x0, 0xbe, 0x40,

    /* U+0050 "P" */
    0xbf, 0xf8, 0x2f, 0xff, 0xcb, 0xc0, 0xfa, 0xf0,
    0x1f, 0xbc, 0x7, 0xef, 0x7, 0xeb, 0xff, 0xf2,
    0xff, 0x90, 0xbc, 0x0, 0x2f, 0x0, 0xb, 0xc0,
    0x2, 0xf0, 0x0,

    /* U+0051 "Q" */
    0x1, 0xbe, 0x40, 0x7, 0xff, 0xf0, 0xf, 0x81,
    0xf8, 0x2f, 0x0, 0xbc, 0x3d, 0x0, 0x3c, 0x3d,
    0x0, 0x3d, 0x3d, 0x0, 0x3d, 0x3d, 0x0, 0x3d,
    0x2f, 0x0, 0xbc, 0xf, 0x81, 0xf8, 0x7, 0xff,
    0xf0, 0x1, 0xbf, 0x40, 0x0, 0x2f, 0x40, 0x0,
    0xb, 0xfe, 0x0, 0x1, 0xfe,

    /* U+0052 "R" */
    0xbf, 0xf9, 0xb, 0xff, 0xf4, 0xbc, 0xb, 0xcb,
    0xc0, 0x7c, 0xbc, 0x7, 0xcb, 0xc0, 0xf8, 0xbf,
    0xff, 0xb, 0xff, 0xc0, 0xbc, 0x3d, 0xb, 0xc2,
    0xf0, 0xbc, 0xf, 0x8b, 0xc0, 0x7c,

    /* U+0053 "S" */
    0x2, 0xfd, 0x0, 0xff, 0xf8, 0x2f, 0x2, 0x3,
    0xe0, 0x0, 0x2f, 0x80, 0x0, 0xbf, 0xd0, 0x1,
    0xff, 0x80, 0x1, 0xfc, 0x0, 0x3, 0xd2, 0xd0,
    0xbc, 0x3f, 0xff, 0x80, 0x6f, 0xd0,

    /* U+0054 "T" */
    0xbf, 0xff, 0xe7, 0xff, 0xfd, 0x0, 0xf0, 0x0,
    0xf, 0x0, 0x0, 0xf0, 0x0, 0xf, 0x0, 0x0,
    0xf0, 0x0, 0xf, 0x0, 0x0, 0xf0, 0x0, 0xf,
    0x0, 0x0, 0xf0, 0x0, 0xf, 0x0,

    /* U+0055 "U" */
    0xbc, 0x2, 0xeb, 0xc0, 0x2e, 0xbc, 0x2, 0xeb,
    0xc0, 0x2e, 0xbc, 0x2, 0xeb, 0xc0, 0x2e, 0xbc,
    0x2, 0xe7, 0xc0, 0x3d, 0x7c, 0x3, 0xd3, 0xe0,
    0xbc, 0x1f, 0xff, 0x40, 0x7f, 0xd0,

    /* U+0056 "V" */
    0x3e, 0x0, 0xbc, 0xbc, 0x3, 0xe1, 0xf0, 0xf,
    0x3, 0xd0, 0x7c, 0xb, 0x82, 0xe0, 0x1f, 0xf,
    0x40, 0x3c, 0x3c, 0x0, 0xf5, 0xe0, 0x2, 0xeb,
    0x40, 0x3, 0xfc, 0x0, 0xf, 0xf0, 0x0, 0x2f,
    0x80,

    /* U+0057 "W" */
    0xbc, 0xb, 0x80, 0xf1, 0xf0, 0x3f, 0x3, 0xc3,
    0xc0, 0xfc, 0x1f, 0xf, 0x47, 0xf0, 0x78, 0x3d,
    0x2d, 0xd2, 0xd0, 0xb8, 0xf3, 0x8f, 0x41, 0xe3,
    0x8f, 0x3c, 0x7, 0xdd, 0x3c, 0xf0, 0xf, 0xb0,
    0xbb, 0xc0, 0x3f, 0xc1, 0xfe, 0x0, 0xbf, 0x3,
    0xf4, 0x2, 0xf8, 0xf, 0xc0,

    /* U+0058 "X" */
    0x7d, 0x3, 0xd3, 0xf0, 0xbc, 0xf, 0x4f, 0x40,
    0xb9, 0xf0, 0x3, 0xfc, 0x0, 0x2f, 0x80, 0x3,
    0xfc, 0x0, 0x7f, 0xd0, 0xf, 0x6f, 0x1, 0xf0,
    0xf4, 0x3d, 0xb, 0xcb, 0xc0, 0x3e,

    /* U+0059 "Y" */
    0x3e, 0x1, 0xf0, 0x7c, 0xb, 0x80, 0xf4, 0x3c,
    0x1, 0xf1, 0xe0, 0x3, 0xcf, 0x40, 0xb, 0xfc,
    0x0, 0xf, 0xd0, 0x0, 0x2f, 0x0, 0x0, 0xbc,
    0x0, 0x2, 0xf0, 0x0, 0xb, 0xc0, 0x0, 0x2f,
    0x0,

    /* U+005A "Z" */
    0x3f, 0xff, 0xc2, 0xff, 0xfc, 0x0, 0xf, 0x40,
    0x3, 0xf0, 0x0, 0x7c, 0x0, 0xf, 0x40, 0x2,
    0xf0, 0x0, 0x7c, 0x0, 0xf, 0x80, 0x2, 0xf0,
    0x0, 0x3f, 0xff, 0xc7, 0xff, 0xfc,

    /* U+005B "[" */
    0x7f, 0x5e, 0x7, 0x41, 0xd0, 0x74, 0x1d, 0x7,
    0x41, 0xd0, 0x74, 0x1d, 0x7, 0x41, 0xd0, 0x74,
    0x1d, 0x7, 0xf4, 0x0,

    /* U+005C "\\" */
    0x70, 0x3, 0x40, 0x38, 0x2, 0xc0, 0x1c, 0x0,
    0xd0, 0xe, 0x0, 0xb0, 0x7, 0x0, 0x34, 0x3,
    0x80, 0x2c, 0x1, 0xc0, 0xd, 0x0, 0xe0, 0x5,

    /* U+005D "]" */
    0x3f, 0x41, 0xd0, 0x74, 0x1d, 0x7, 0x41, 0xd0,
    0x74, 0x1d, 0x7, 0x41, 0xd0, 0x74, 0x1d, 0x7,
    0x41, 0xd3, 0xf4, 0x0,

    /* U+005E "^" */
    0x1, 0xf0, 0x0, 0xfd, 0x0, 0x3b, 0x80, 0x2c,
    0xf0, 0xf, 0x1d, 0x7, 0x43, 0xc3, 0xc0, 0xb4,

    /* U+005F "_" */
    0x0, 0x0, 0x3f, 0xff, 0xf1, 0x55, 0x50,

    /* U+0060 "`" */
    0x0, 0x2, 0xc0, 0x2f, 0x0, 0xbc, 0x1, 0x40,

    /* U+0061 "a" */
    0x7, 0xf8, 0xb, 0xff, 0x80, 0x41, 0xf0, 0x1,
    0xbd, 0xf, 0xff, 0x4f, 0x83, 0xd3, 0xc1, 0xf4,
    0xff, 0xfd, 0xf, 0xdb, 0x40,

    /* U+0062 "b" */
    0xb8, 0x0, 0x2e, 0x0, 0xb, 0x80, 0x2, 0xe0,
    0x0, 0xba, 0xf8, 0x2f, 0xff, 0xcb, 0xc1, 0xf6,
    0xe0, 0x3d, 0xb8, 0xf, 0xae, 0x3, 0xdb, 0xc2,
    0xf2, 0xff, 0xf8, 0xb6, 0xf4, 0x0,

    /* U+0063 "c" */
    0x2, 0xfd, 0xf, 0xfd, 0x3f, 0x0, 0x3d, 0x0,
    0x7c, 0x0, 0x3d, 0x0, 0x3f, 0x0, 0x1f, 0xfe,
    0x2, 0xf8,

    /* U+0064 "d" */
    0x0, 0x7, 0xc0, 0x0, 0x7c, 0x0, 0x7, 0xc0,
    0x0, 0x7c, 0x3, 0xf7, 0xc1, 0xff, 0xfc, 0x3f,
    0xb, 0xc3, 0xd0, 0x7c, 0x3c, 0x7, 0xc3, 0xd0,
    0x7c, 0x3e, 0xb, 0xc1, 0xff, 0xfc, 0x7, 0xe3,
    0xc0,

    /* U+0065 "e" */
    0x2, 0xf8, 0x3, 0xff, 0xc3, 0xe0, 0xf4, 0xfa,
    0xae, 0x7f, 0xff, 0x8f, 0x0, 0x3, 0xe0, 0x0,
    0x3f, 0xfc, 0x2, 0xfd, 0x0,

    /* U+0066 "f" */
    0x2, 0xf4, 0x3f, 0xc0, 0xf0, 0x7, 0xc0, 0x7f,
    0xe1, 0xff, 0x81, 0xf0, 0x7, 0xc0, 0x1f, 0x0,
    0x7c, 0x1, 0xf0, 0x7, 0xc0, 0x1f, 0x0,

    /* U+0067 "g" */
    0xb, 0xff, 0xc2, 0xf7, 0xf8, 0x3d, 0xf, 0x3,
    0xe2, 0xf0, 0xf, 0xfc, 0x2, 0xd4, 0x0, 0x3c,
    0x0, 0x2, 0xff, 0xe0, 0x1f, 0xff, 0xc3, 0x80,
    0x3c, 0x3e, 0xaf, 0x81, 0xff, 0x90,

    /* U+0068 "h" */
    0xb8, 0x0, 0x2e, 0x0, 0xb, 0x80, 0x2, 0xe0,
    0x0, 0xb9, 0xf8, 0x2f, 0xff, 0x8b, 0xd2, 0xf2,
    0xe0, 0x7c, 0xb8, 0x1f, 0x2e, 0x7, 0xcb, 0x81,
    0xf2, 0xe0, 0x7c, 0xb8, 0x1f, 0x0,

    /* U+0069 "i" */
    0xb7, 0xe1, 0x0, 0xba, 0xeb, 0xae, 0xba, 0xeb,
    0xae, 0xb8,

    /* U+006A "j" */
    0x7, 0x43, 0xe0, 0x10, 0x0, 0xb, 0x82, 0xe0,
    0xb8, 0x2e, 0xb, 0x82, 0xe0, 0xb8, 0x2e, 0xb,
    0x83, 0xeb, 0xf2, 0xf4,

    /* U+006B "k" */
    0xb8, 0x0, 0x2e, 0x0, 0xb, 0x80, 0x2, 0xe0,
    0x0, 0xb8, 0x2f, 0x2e, 0x1f, 0xb, 0x9f, 0x2,
    0xef, 0x40, 0xbf, 0xe0, 0x2f, 0xbd, 0xb, 0xc7,
    0xc2, 0xe0, 0xf8, 0xb8, 0x1f, 0x0,

    /* U+006C "l" */
    0xb8, 0xb8, 0xb8, 0xb8, 0xb8, 0xb8, 0xb8, 0xb8,
    0xb8, 0xb8, 0xb8, 0xbd, 0x3e,

    /* U+006D "m" */
    0xb1, 0xf8, 0x2f, 0xb, 0xff, 0xef, 0xfc, 0xbd,
    0x2f, 0x87, 0xcb, 0x81, 0xf0, 0x3c, 0xb8, 0x1f,
    0x3, 0xcb, 0x81, 0xf0, 0x3c, 0xb8, 0x1f, 0x3,
    0xcb, 0x81, 0xf0, 0x3c, 0xb8, 0x1f, 0x3, 0xc0,

    /* U+006E "n" */
    0xb1, 0xf8, 0x2f, 0xff, 0x8b, 0xd2, 0xf2, 0xe0,
    0x7c, 0xb8, 0x1f, 0x2e, 0x7, 0xcb, 0x81, 0xf2,
    0xe0, 0x7c, 0xb8, 0x1f, 0x0,

    /* U+006F "o" */
    0x2, 0xf8, 0x0, 0xff, 0xf0, 0x3e, 0xb, 0xc3,
    0xd0, 0x3c, 0x7c, 0x3, 0xd3, 0xd0, 0x3c, 0x3e,
    0xb, 0xc0, 0xff, 0xf0, 0x2, 0xf8, 0x0,

    /* U+0070 "p" */
    0xb6, 0xf8, 0x2f, 0xff, 0xcb, 0xc1, 0xf2, 0xe0,
    0x3d, 0xb8, 0xf, 0xae, 0x3, 0xdb, 0xc2, 0xf2,
    0xff, 0xf8, 0xba, 0xf4, 0x2e, 0x0, 0xb, 0x80,
    0x2, 0xe0, 0x0,

    /* U+0071 "q" */
    0x3, 0xf7, 0xc1, 0xff, 0xfc, 0x3e, 0x7, 0xc3,
    0xd0, 0x7c, 0x3c, 0x7, 0xc3, 0xd0, 0x7c, 0x3f,
    0xb, 0xc1, 0xff, 0xfc, 0x7, 0xe7, 0xc0, 0x0,
    0x7c, 0x0, 0x7, 0xc0, 0x0, 0x7c,

    /* U+0072 "r" */
    0xb1, 0xf2, 0xef, 0x8b, 0xe0, 0x2f, 0x0, 0xb8,
    0x2, 0xe0, 0xb, 0x80, 0x2e, 0x0, 0xb8, 0x0,

    /* U+0073 "s" */
    0xb, 0xe4, 0x3f, 0xfc, 0x3c, 0x0, 0x3f, 0x40,
    0xb, 0xf4, 0x0, 0xbc, 0x10, 0x3d, 0x7f, 0xfc,
    0x1b, 0xe0,

    /* U+0074 "t" */
    0x5, 0x0, 0x3c, 0x0, 0xf0, 0x2f, 0xfc, 0xbf,
    0xf0, 0x7c, 0x1, 0xf0, 0x7, 0xc0, 0x1f, 0x0,
    0x7c, 0x0, 0xff, 0x1, 0xfd,

    /* U+0075 "u" */
    0xf8, 0x1f, 0xf8, 0x1f, 0xf8, 0x1f, 0xf8, 0x1f,
    0xf8, 0x1f, 0xf8, 0x1f, 0xbc, 0x3f, 0x7f, 0xff,
    0x2f, 0x8f,

    /* U+0076 "v" */
    0xb8, 0x7, 0xdf, 0x2, 0xd3, 0xd0, 0xf0, 0xb8,
    0x7c, 0x1f, 0x2d, 0x3, 0xcf, 0x0, 0xbb, 0xc0,
    0xf, 0xd0, 0x3, 0xf0, 0x0,

    /* U+0077 "w" */
    0x7c, 0xf, 0x3, 0xc3, 0xc1, 0xf4, 0x3c, 0x3d,
    0x2f, 0x87, 0x82, 0xe3, 0xbc, 0xb4, 0x1f, 0x36,
    0xcf, 0x40, 0xf7, 0x5d, 0xf0, 0xf, 0xb0, 0xef,
    0x0, 0xbf, 0xf, 0xe0, 0x7, 0xe0, 0xbd, 0x0,

    /* U+0078 "x" */
    0x7c, 0xf, 0x4b, 0xcb, 0x80, 0xf7, 0xc0, 0x1f,
    0xe0, 0x3, 0xf0, 0x2, 0xfe, 0x1, 0xf7, 0xc0,
    0xf4, 0xbc, 0x7c, 0xf, 0x40,

    /* U+0079 "y" */
    0xbc, 0x7, 0xcf, 0x2, 0xd2, 0xd0, 0xf0, 0x7c,
    0x78, 0xf, 0x2d, 0x1, 0xef, 0x0, 0x3f, 0x80,
    0xb, 0xd0, 0x1, 0xf0, 0x0, 0xf4, 0x3, 0xfc,
    0x0, 0xf8, 0x0,

    /* U+007A "z" */
    0x3f, 0xfe, 0x2f, 0xfd, 0x0, 0xf8, 0x1, 0xf0,
    0x3, 0xd0, 0xf, 0x80, 0x1f, 0x0, 0x3f, 0xfe,
    0x7f, 0xfe,

    /* U+007B "{" */
    0x7, 0xd0, 0xf4, 0xf, 0x0, 0xf0, 0xf, 0x0,
    0xf0, 0x1f, 0x7, 0xc0, 0x2e, 0x0, 0xf0, 0xf,
    0x0, 0xf0, 0xf, 0x0, 0xf0, 0xb, 0xd0, 0x0,

    /* U+007C "|" */
    0x71, 0xc7, 0x1c, 0x71, 0xc7, 0x1c, 0x71, 0xc7,
    0x1c, 0x71, 0xc7, 0x1c, 0x71, 0xc0,

    /* U+007D "}" */
    0x3d, 0x1, 0xf0, 0xf, 0x0, 0xf0, 0xf, 0x0,
    0xf0, 0xf, 0x40, 0x3d, 0xb, 0x80, 0xf0, 0xf,
    0x0, 0xf0, 0xf, 0x0, 0xf0, 0x3e, 0x0, 0x0,

    /* U+007E "~" */
    0x1f, 0x81, 0xf, 0xfe, 0xe1, 0x7, 0xe0,

    /* U+00D7 "×" */
    0x0, 0x0, 0x0, 0x28, 0x0, 0x18, 0x2e, 0x0,
    0xb8, 0xb, 0x82, 0xe0, 0x2, 0xeb, 0x80, 0x0,
    0xbe, 0x0, 0x0, 0xbe, 0x0, 0x2, 0xeb, 0x80,
    0xb, 0x82, 0xe0, 0x2e, 0x0, 0xb8, 0x38, 0x0,
    0x2c, 0x0, 0x0, 0x0,

    /* U+00F7 "÷" */
    0x0, 0x3c, 0x0, 0x0, 0x7d, 0x0, 0x0, 0x28,
    0x0, 0x0, 0x0, 0x0, 0x6a, 0xaa, 0xa9, 0xbf,
    0xff, 0xfe, 0x0, 0x0, 0x0, 0x0, 0x0, 0x0,
    0x0, 0x3c, 0x0, 0x0, 0x7d, 0x0, 0x0, 0x28,
    0x0,

    /* U+2014 "—" */
    0x0, 0x0, 0x0, 0x3, 0xff, 0xff, 0xfe, 0x15,
    0x55, 0x55, 0x40,

    /* U+2018 "‘" */
    0x4, 0x28, 0x34, 0x3d, 0x2c,

    /* U+2019 "’" */
    0x0, 0x7c, 0x3c, 0xc, 0x34, 0x0,

    /* U+201C "“" */
    0x8, 0x14, 0xa1, 0xc3, 0xd, 0xf, 0x3d, 0x2c,
    0xb4,

    /* U+201D "”" */
    0x0, 0x1, 0xe3, 0xc7, 0xcf, 0x47, 0xc, 0x70,
    0xd0, 0x0, 0x0,

    /* U+2026 "…" */
    0x10, 0x5, 0x0, 0x47, 0xc0, 0xf0, 0x3d, 0x78,
    0xf, 0x2, 0xd0,

    /* U+2248 "≈" */
    0xa, 0x90, 0x8, 0x3f, 0xf8, 0x2d, 0xb4, 0x2f,
    0xf8, 0x10, 0x1, 0x90, 0xa, 0x90, 0x8, 0x3f,
    0xf8, 0x2d, 0xb4, 0x2f, 0xf8, 0x10, 0x1, 0x90,

    /* U+2260 "≠" */
    0x0, 0x1, 0x0, 0x0, 0x7, 0x40, 0x0, 0xf,
    0x0, 0xaa, 0xaf, 0xa9, 0xff, 0xff, 0xfd, 0x0,
    0x3c, 0x0, 0x0, 0x74, 0x0, 0xff, 0xff, 0xfd,
    0xaa, 0xfa, 0xa9, 0x1, 0xd0, 0x0, 0x2, 0xc0,
    0x0, 0x0, 0x40, 0x0,

    /* U+2264 "≤" */
    0x0, 0x0, 0x1, 0x40, 0x0, 0x2, 0xfc, 0x0,
    0x7, 0xf9, 0x0, 0xb, 0xf8, 0x0, 0x1f, 0xe4,
    0x0, 0x1, 0xfe, 0x40, 0x0, 0x0, 0xbf, 0x80,
    0x1, 0x0, 0x7f, 0x90, 0x7e, 0x40, 0x2f, 0xc0,
    0xbf, 0x40, 0x14, 0x0, 0x6f, 0x90, 0x0, 0x0,
    0x2f, 0xd0, 0x0, 0x0, 0x1f, 0xc0, 0x0, 0x0,
    0x4,

    /* U+2265 "≥" */
    0x14, 0x0, 0x0, 0x3, 0xf8, 0x0, 0x0, 0x6,
    0xfd, 0x0, 0x0, 0x2, 0xfe, 0x0, 0x0, 0x1,
    0xbf, 0x40, 0x0, 0x1b, 0xf4, 0x0, 0x2f, 0xe0,
    0x0, 0x6f, 0xd0, 0x4, 0x3f, 0x80, 0x1b, 0xd1,
    0x40, 0x1f, 0xe0, 0x0, 0x6f, 0x90, 0x0, 0x7f,
    0x80, 0x0, 0x3f, 0x40, 0x0, 0x1, 0x0, 0x0,
    0x0,

    /* U+3001 "、" */
    0x8, 0x3, 0xe0, 0x1f, 0x80, 0x7e, 0x1, 0x80,
    0x0,

    /* U+3002 "。" */
    0x1f, 0x83, 0x5e, 0x70, 0x63, 0x5e, 0x1f, 0x80,

    /* U+300A "《" */
    0x1, 0x44, 0x3, 0x5d, 0x7, 0x2c, 0xe, 0x34,
    0x1c, 0xb0, 0x2c, 0xe0, 0x35, 0xc0, 0xb3, 0x80,
    0x72, 0xc0, 0x35, 0xc0, 0x2c, 0xe0, 0xd, 0x70,
    0xe, 0x34, 0x7, 0x2c, 0x3, 0x8d, 0x1, 0x4,

    /* U+300B "》" */
    0x11, 0x40, 0x71, 0xc0, 0x38, 0xd0, 0x1c, 0xb0,
    0xe, 0x34, 0xb, 0x38, 0x3, 0x5c, 0x2, 0xce,
    0x3, 0x8d, 0x3, 0x5c, 0xb, 0x38, 0xd, 0x70,
    0x1c, 0xb0, 0x38, 0xd0, 0x72, 0xc0, 0x10, 0x40,

    /* U+300C "「" */
    0xff, 0xdf, 0xa9, 0xf0, 0xf, 0x0, 0xf0, 0xf,
    0x0, 0xf0, 0xf, 0x0, 0xf0, 0xf, 0x0, 0x0,
    0x0,

    /* U+300D "」" */
    0x0, 0x0, 0xf, 0x0, 0xf0, 0xf, 0x0, 0xf0,
    0xf, 0x0, 0xf0, 0xf, 0x0, 0xf6, 0xaf, 0x7f,
    0xf0,

    /* U+3010 "【" */
    0x0, 0xb, 0xfc, 0xbf, 0xb, 0xd0, 0xbc, 0xb,
    0x80, 0xb4, 0xb, 0x40, 0xb0, 0xb, 0x40, 0xb4,
    0xb, 0x80, 0xbc, 0xb, 0xd0, 0xbf, 0xb, 0xfc,

    /* U+3011 "】" */
    0x3f, 0xe0, 0xfe, 0x7, 0xe0, 0x3e, 0x2, 0xe0,
    0x1e, 0x1, 0xe0, 0xe, 0x1, 0xe0, 0x1e, 0x2,
    0xe0, 0x3e, 0x7, 0xe0, 0xfe, 0x3f, 0xe0, 0x0,

    /* U+4E00 "一" */
    0x0, 0x0, 0x0, 0x0, 0x3f, 0xff, 0xff, 0xfe,
    0x3f, 0xff, 0xff, 0xfe,

    /* U+4E03 "七" */
    0x0, 0x3c, 0x0, 0x0, 0x0, 0x3c, 0x0, 0x0,
    0x0, 0x3c, 0x0, 0x0, 0x0, 0x3c, 0x0, 0x14,
    0x0, 0x3d, 0xaf, 0xfc, 0x1b, 0xff, 0xff, 0xe8,
    0x7f, 0xfe, 0x50, 0x0, 0x14, 0x3c, 0x0, 0x0,
    0x0, 0x3c, 0x0, 0x0, 0x0, 0x3c, 0x0, 0x38,
    0x0, 0x3c, 0x0, 0x3c, 0x0, 0x3d, 0x0, 0xb8,
    0x0, 0x2f, 0xff, 0xf4, 0x0, 0xb, 0xff, 0xd0,

    /* U+4E07 "万" */
    0x2a, 0xaa, 0xaa, 0xa8, 0x3f, 0xff, 0xff, 0xfc,
    0x0, 0x7c, 0x0, 0x0, 0x0, 0x78, 0x0, 0x0,
    0x0, 0x78, 0x0, 0x0, 0x0, 0xbf, 0xff, 0xf0,
    0x0, 0xbf, 0xff, 0xe0, 0x0, 0xf0, 0x1, 0xe0,
    0x0, 0xf0, 0x1, 0xe0, 0x2, 0xe0, 0x2, 0xd0,
    0x7, 0xc0, 0x2, 0xd0, 0xf, 0x80, 0x3, 0xc0,
    0x7e, 0x1, 0xff, 0xc0, 0x38, 0x0, 0xff, 0x0,
    0x0, 0x0, 0x0, 0x0,

    /* U+4E08 "丈" */
    0x0, 0x0, 0x78, 0x0, 0x0, 0x0, 0x78, 0x0,
    0x0, 0x0, 0x78, 0x0, 0x3f, 0xff, 0xff, 0xfc,
    0x3f, 0xff, 0xff, 0xfc, 0x0, 0x40, 0xb8, 0x0,
    0x3, 0xc0, 0xb4, 0x0, 0x2, 0xd0, 0xf4, 0x0,
    0x1, 0xf0, 0xf0, 0x0, 0x0, 0xfa, 0xf0, 0x0,
    0x0, 0x3f, 0xd0, 0x0, 0x0, 0x2f, 0xc0, 0x0,
    0x1, 0xff, 0xf9, 0x0, 0x2f, 0xf4, 0xbf, 0xf8,
    0x1e, 0x40, 0x6, 0xf4, 0x0, 0x0, 0x0, 0x0,

    /* U+4E09 "三" */
    0x0, 0x0, 0x0, 0x3, 0xff, 0xff, 0xfc, 0x3f,
    0xff, 0xff, 0xc0, 0x0, 0x0, 0x0, 0x0, 0x0,
    0x0, 0x0, 0x0, 0x0, 0x0, 0xf, 0xff, 0xfe,
    0x0, 0xff, 0xff, 0xe0, 0x0, 0x0, 0x0, 0x0,
    0x0, 0x0, 0x0, 0x0, 0x0, 0x0, 0xa, 0xaa,
    0xaa, 0xaa, 0xff, 0xff, 0xff, 0xf0, 0x0, 0x0,
    0x0,

    /* U+4E0E "与" */
    0x0, 0x50, 0x0, 0x0, 0x3, 0xc0, 0x0, 0x0,
    0xf, 0xff, 0xff, 0x0, 0x7f, 0xff, 0xfd, 0x2,
    0xd0, 0x0, 0x0, 0xf, 0x0, 0x0, 0x0, 0x3e,
    0xaa, 0xaa, 0x40, 0xff, 0xff, 0xfe, 0x0, 0x0,
    0x0, 0xb4, 0x0, 0x0, 0x2, 0xd3, 0xff, 0xff,
    0xcf, 0xf, 0xff, 0xfe, 0x3c, 0x0, 0x0, 0x1,
    0xf0, 0x0, 0x7, 0xff, 0x40, 0x0, 0xf, 0xf8,
    0x0, 0x0, 0x0, 0x0,

    /* U+4E2A "个" */
    0x0, 0x1, 0x80, 0x0, 0x0, 0x3, 0xd0, 0x0,
    0x0, 0xf, 0xf4, 0x0, 0x0, 0x7e, 0xbd, 0x0,
    0x2, 0xf8, 0x1f, 0x80, 0x2f, 0xd3, 0xc7, 0xf8,
    0x3e, 0x3, 0xc0, 0xbc, 0x14, 0x3, 0xc0, 0x14,
    0x0, 0x3, 0xc0, 0x0, 0x0, 0x3, 0xc0, 0x0,
    0x0, 0x3, 0xc0, 0x0, 0x0, 0x3, 0xc0, 0x0,
    0x0, 0x3, 0xc0, 0x0, 0x0, 0x3, 0xc0, 0x0,
    0x0, 0x3, 0xc0, 0x0,

    /* U+4E4B "之" */
    0x0, 0x2, 0x40, 0x0, 0x0, 0x7, 0xc0, 0x0,
    0x0, 0x2, 0xe0, 0x0, 0x1f, 0xff, 0xff, 0xe0,
    0x1f, 0xff, 0xff, 0xf0, 0x0, 0x0, 0x7, 0xd0,
    0x0, 0x0, 0xf, 0x80, 0x0, 0x0, 0x3e, 0x0,
    0x0, 0x0, 0xf8, 0x0, 0x0, 0x7, 0xe0, 0x0,
    0x0, 0x2f, 0x80, 0x0, 0x2, 0xfd, 0x0, 0x0,
    0x1f, 0xf4, 0x0, 0x0, 0x3d, 0x7f, 0xff, 0xfd,
    0x28, 0xb, 0xff, 0xfc, 0x0, 0x0, 0x0, 0x0,

    /* U+4E5D "九" */
    0x0, 0x3c, 0x0, 0x0, 0x0, 0x3c, 0x0, 0x0,
    0x0, 0x3c, 0x0, 0x0, 0x0, 0x3c, 0x0, 0x0,
    0x2f, 0xff, 0xff, 0x0, 0x2f, 0xff, 0xff, 0x0,
    0x0, 0x3c, 0xf, 0x0, 0x0, 0x78, 0xf, 0x0,
    0x0, 0xb8, 0xf, 0x0, 0x0, 0xf4, 0xf, 0x0,
    0x1, 0xf0, 0xf, 0x0, 0x3, 0xe0, 0xf, 0xd,
    0xb, 0xc0, 0xf, 0x1d, 0x2f, 0x40, 0xf, 0xfc,
    0x1c, 0x0, 0x7, 0xf8, 0x0, 0x0, 0x0, 0x0,

    /* U+4E8C "二" */
    0x0, 0x0, 0x0, 0x0, 0xf, 0xff, 0xff, 0xf0,
    0xb, 0xff, 0xff, 0xe0, 0x0, 0x0, 0x0, 0x0,
    0x0, 0x0, 0x0, 0x0, 0x0, 0x0, 0x0, 0x0,
    0x0, 0x0, 0x0, 0x0, 0x0, 0x0, 0x0, 0x0,
    0x0, 0x0, 0x0, 0x0, 0x0, 0x0, 0x0, 0x0,
    0x3f, 0xff, 0xff, 0xfc, 0x3f, 0xff, 0xff, 0xfc,
    0x0, 0x0, 0x0, 0x0,

    /* U+4E8E "于" */
    0xa, 0xaa, 0xaa, 0xa0, 0xf, 0xff, 0xff, 0xf0,
    0x0, 0x3, 0xd0, 0x0, 0x0, 0x3, 0xc0, 0x0,
    0x0, 0x3, 0xc0, 0x0, 0x0, 0x3, 0xd0, 0x0,
    0x3f, 0xff, 0xff, 0xfc, 0x2a, 0xab, 0xfa, 0xa8,
    0x0, 0x3, 0xc0, 0x0, 0x0, 0x3, 0xc0, 0x0,
    0x0, 0x3, 0xc0, 0x0, 0x0, 0x3, 0xc0, 0x0,
    0x0, 0xff, 0xc0, 0x0, 0x0, 0xbf, 0x40, 0x0,
    0x0, 0x0, 0x0, 0x0,

    /* U+4E94 "五" */
    0x0, 0x0, 0x0, 0x0, 0xf, 0xff, 0xff, 0xf0,
    0xf, 0xff, 0xff, 0xf0, 0x0, 0xf, 0x0, 0x0,
    0x0, 0xf, 0x0, 0x0, 0x2, 0xbf, 0xaa, 0x40,
    0x7, 0xff, 0xff, 0x80, 0x0, 0x2e, 0xb, 0x40,
    0x0, 0x3d, 0xb, 0x40, 0x0, 0x3c, 0xb, 0x40,
    0x0, 0x3c, 0xf, 0x0, 0x0, 0x7c, 0xf, 0x0,
    0x3f, 0xff, 0xff, 0xfc, 0x3f, 0xff, 0xff, 0xfc,

    /* U+4EB2 "亲" */
    0x0, 0x4, 0x0, 0x0, 0x1, 0xf0, 0x0, 0x2a,
    0xaf, 0xaa, 0x83, 0xff, 0xff, 0xfd, 0x3, 0xc0,
    0x3c, 0x0, 0x2d, 0x3, 0x80, 0xff, 0xff, 0xff,
    0xfa, 0xaa, 0xfa, 0xaa, 0x0, 0xf, 0x0, 0x7,
    0xff, 0xff, 0xfe, 0x6a, 0xaf, 0xaa, 0x90, 0xb4,
    0xf1, 0xe0, 0x2f, 0xf, 0xf, 0x87, 0xca, 0xf0,
    0x3c, 0x0, 0xbe, 0x0, 0x0,

    /* U+4EBA "人" */
    0x0, 0x3, 0xc0, 0x0, 0x0, 0x3, 0xc0, 0x0,
    0x0, 0x7, 0xc0, 0x0, 0x0, 0x7, 0xc0, 0x0,
    0x0, 0xb, 0xc0, 0x0, 0x0, 0xf, 0xe0, 0x0,
    0x0, 0xf, 0xf0, 0x0, 0x0, 0x1f, 0xf0, 0x0,
    0x0, 0x3e, 0x78, 0x0, 0x0, 0x7c, 0x3d, 0x0,
    0x0, 0xf8, 0x1f, 0x0, 0x3, 0xf0, 0xb, 0xc0,
    0x1f, 0xc0, 0x3, 0xf8, 0x3f, 0x0, 0x0, 0xbd,
    0x8, 0x0, 0x0, 0x14,

    /* U+4ECB "介" */
    0x0, 0x0, 0x0, 0x0, 0x0, 0x2, 0x80, 0x0,
    0x0, 0xb, 0xd0, 0x0, 0x0, 0x2f, 0xf4, 0x0,
    0x0, 0xfc, 0x7e, 0x0, 0xb, 0xf0, 0xf, 0xe4,
    0x7f, 0x80, 0x2, 0xfd, 0x38, 0x50, 0x5, 0x18,
    0x0, 0xf0, 0xf, 0x0, 0x0, 0xf0, 0xf, 0x0,
    0x0, 0xf0, 0xf, 0x0, 0x1, 0xf0, 0xf, 0x0,
    0x2, 0xe0, 0xf, 0x0, 0xb, 0xc0, 0xf, 0x0,
    0x2f, 0x40, 0xf, 0x0, 0xd, 0x0, 0xf, 0x0,
    0x0, 0x0, 0x0, 0x0,

    /* U+4EE3 "代" */
    0x0, 0x0, 0x0, 0x0, 0x0, 0xf0, 0xb1, 0xd0,
    0x1, 0xf0, 0xb4, 0xf0, 0x3, 0xd0, 0xb4, 0x78,
    0x7, 0xc0, 0xb4, 0x10, 0xf, 0xc0, 0xba, 0xbc,
    0x3f, 0xdf, 0xff, 0xfc, 0xbf, 0xdf, 0xfd, 0x0,
    0x33, 0xc0, 0x3c, 0x0, 0x3, 0xc0, 0x3c, 0x0,
    0x3, 0xc0, 0x3c, 0x0, 0x3, 0xc0, 0x2d, 0x4,
    0x3, 0xc0, 0xf, 0x1d, 0x3, 0xc0, 0xf, 0xfc,
    0x3, 0xc0, 0x3, 0xfc, 0x3, 0xc0, 0x1, 0xf4,
    0x0, 0x0, 0x0, 0x0,

    /* U+4EFB "任" */
    0x0, 0x40, 0x0, 0x0, 0x0, 0xf0, 0x6, 0xf8,
    0x2, 0xfb, 0xff, 0xf8, 0x3, 0xdf, 0xef, 0x0,
    0xb, 0xc0, 0xf, 0x0, 0x1f, 0xc0, 0xf, 0x0,
    0x7f, 0xc0, 0xf, 0x0, 0x3b, 0xef, 0xff, 0xfe,
    0x13, 0xef, 0xff, 0xff, 0x3, 0xc0, 0xf, 0x0,
    0x3, 0xc0, 0xf, 0x0, 0x3, 0xc0, 0xf, 0x0,
    0x3, 0xc0, 0xf, 0x0, 0x3, 0xcf, 0xff, 0xfe,
    0x3, 0xcf, 0xff, 0xfe,

    /* U+4F2F "伯" */
    0x0, 0x40, 0x24, 0x0, 0x7, 0x80, 0xf0, 0x0,
    0x3c, 0x7, 0x80, 0x0, 0xf3, 0xff, 0xfc, 0xb,
    0x4f, 0xff, 0xf0, 0x7c, 0x3c, 0x3, 0xc3, 0xf0,
    0xf0, 0xf, 0x2f, 0xc3, 0xc0, 0x3c, 0x2b, 0xf,
    0xff, 0xf0, 0x2c, 0x3f, 0xff, 0xc0, 0xb0, 0xf0,
    0xf, 0x2, 0xc3, 0xc0, 0x3c, 0xb, 0xf, 0x0,
    0xf0, 0x2c, 0x3f, 0xff, 0xc0, 0xb0, 0xff, 0xff,
    0x0,

    /* U+4F5C "作" */
    0x0, 0x40, 0x40, 0x0, 0x2, 0xe1, 0xf0, 0x0,
    0x3, 0xc2, 0xd0, 0x0, 0xb, 0x83, 0xff, 0xfd,
    0x1f, 0xf, 0xff, 0xfd, 0x3f, 0x2f, 0x3c, 0x0,
    0xbf, 0x7c, 0x3e, 0xa8, 0x3f, 0x4, 0x3f, 0xfc,
    0xf, 0x0, 0x3c, 0x0, 0xf, 0x0, 0x3c, 0x0,
    0xf, 0x0, 0x3f, 0xfc, 0xf, 0x0, 0x3f, 0xfc,
    0xf, 0x0, 0x3c, 0x0, 0xf, 0x0, 0x3c, 0x0,
    0xf, 0x0, 0x3c, 0x0, 0x0, 0x0, 0x0, 0x0,

    /* U+4F84 "侄" */
    0x1, 0x80, 0x0, 0x0, 0x3, 0xef, 0xff, 0xfc,
    0x3, 0xda, 0xfa, 0xa8, 0xb, 0x41, 0xe0, 0x90,
    0x1f, 0x3, 0xc0, 0xf0, 0x3f, 0x1f, 0xea, 0xf8,
    0x7f, 0x2f, 0xff, 0xfc, 0x3f, 0x5, 0x14, 0x28,
    0xf, 0x0, 0x2c, 0x0, 0xf, 0xa, 0xbf, 0xa4,
    0xf, 0xf, 0xff, 0xf8, 0xf, 0x0, 0x2d, 0x0,
    0xf, 0x0, 0x2c, 0x0, 0xf, 0x3f, 0xff, 0xfd,
    0xf, 0x3f, 0xff, 0xfd,

    /* U+4FDD "保" */
    0x0, 0x40, 0x0, 0x0, 0x2, 0xdf, 0xff, 0xf0,
    0x3, 0xcf, 0xaa, 0xf0, 0xb, 0x4f, 0x0, 0xf0,
    0x1f, 0xf, 0x0, 0xf0, 0x3f, 0xf, 0xff, 0xf0,
    0xbf, 0xa, 0xbe, 0xa0, 0x7b, 0x0, 0x3c, 0x0,
    0xb, 0x3f, 0xff, 0xfc, 0xb, 0x3f, 0xff, 0xf8,
    0xb, 0x1, 0xff, 0x40, 0xb, 0x7, 0xfe, 0xd0,
    0xb, 0x6f, 0x3c, 0xf8, 0xb, 0x7c, 0x3c, 0x3c,
    0xb, 0x0, 0x3c, 0x0, 0x0, 0x0, 0x0, 0x0,

    /* U+4FEE "修" */
    0x1, 0x0, 0x10, 0x0, 0x3, 0xc0, 0xb4, 0x0,
    0x7, 0x80, 0xff, 0xf8, 0xf, 0x3, 0xfa, 0xf4,
    0x1f, 0xb, 0xf5, 0xf0, 0x3f, 0x35, 0x3f, 0xc0,
    0xbf, 0x35, 0xbf, 0xe4, 0x7f, 0x3f, 0xe1, 0xfd,
    0x1f, 0x39, 0x1f, 0x4, 0xf, 0x35, 0xf8, 0x50,
    0xf, 0x34, 0x47, 0xd0, 0xf, 0x34, 0xbe, 0x28,
    0xf, 0x24, 0x91, 0xf4, 0xf, 0x1, 0xbf, 0x80,
    0xf, 0x2, 0xe4, 0x0,

    /* U+513F "儿" */
    0x0, 0xf0, 0xf, 0x0, 0x0, 0xf0, 0xf, 0x0,
    0x0, 0xf0, 0xf, 0x0, 0x0, 0xf0, 0xf, 0x0,
    0x0, 0xf0, 0xf, 0x0, 0x0, 0xf0, 0xf, 0x0,
    0x0, 0xe0, 0xf, 0x0, 0x1, 0xe0, 0xf, 0x0,
    0x2, 0xd0, 0xf, 0x0, 0x3, 0xc0, 0xf, 0x8,
    0x7, 0xc0, 0xf, 0x1e, 0x1f, 0x40, 0xf, 0x1d,
    0x7e, 0x0, 0xf, 0xfc, 0x38, 0x0, 0xb, 0xf8,
    0x0, 0x0, 0x0, 0x0,

    /* U+5144 "兄" */
    0xb, 0xff, 0xff, 0xe0, 0xb, 0xff, 0xff, 0xe0,
    0xb, 0x0, 0x1, 0xe0, 0xb, 0x0, 0x1, 0xe0,
    0xb, 0x0, 0x1, 0xe0, 0xb, 0xff, 0xff, 0xe0,
    0xb, 0xff, 0xff, 0xe0, 0x0, 0x78, 0x3c, 0x0,
    0x0, 0xb8, 0x3c, 0x0, 0x0, 0xf4, 0x3c, 0x0,
    0x1, 0xf0, 0x3c, 0x2c, 0x7, 0xd0, 0x3c, 0x2c,
    0x7f, 0x40, 0x3f, 0xfc, 0x3d, 0x0, 0x2f, 0xf4,
    0x0, 0x0, 0x0, 0x0,

    /* U+5165 "入" */
    0x0, 0x0, 0x0, 0x0, 0x0, 0x38, 0x0, 0x0,
    0x0, 0x7e, 0x0, 0x0, 0x0, 0x1f, 0x40, 0x0,
    0x0, 0x7, 0xc0, 0x0, 0x0, 0x7, 0xe0, 0x0,
    0x0, 0xb, 0xf4, 0x0, 0x0, 0xf, 0xbc, 0x0,
    0x0, 0x2f, 0x3d, 0x0, 0x0, 0x3d, 0x1f, 0x0,
    0x0, 0xbc, 0xb, 0xc0, 0x2, 0xf0, 0x3, 0xe0,
    0xb, 0xd0, 0x1, 0xfc, 0x3f, 0x80, 0x0, 0xbd,
    0x1d, 0x0, 0x0, 0x1c, 0x0, 0x0, 0x0, 0x0,

    /* U+516B "八" */
    0x0, 0x0, 0x14, 0x0, 0x0, 0xb4, 0x3c, 0x0,
    0x0, 0xb4, 0x2c, 0x0, 0x0, 0xf4, 0x2d, 0x0,
    0x0, 0xf0, 0x1e, 0x0, 0x0, 0xf0, 0xf, 0x0,
    0x1, 0xe0, 0xf, 0x0, 0x1, 0xe0, 0xb, 0x40,
    0x3, 0xd0, 0x7, 0x80, 0x7, 0xc0, 0x3, 0xc0,
    0xb, 0x40, 0x2, 0xe0, 0x1f, 0x0, 0x0, 0xf4,
    0x7d, 0x0, 0x0, 0xbd, 0x38, 0x0, 0x0, 0x2c,
    0x0, 0x0, 0x0, 0x0,

    /* U+516C "公" */
    0x0, 0x0, 0x0, 0x0, 0x0, 0xb8, 0x2e, 0x0,
    0x0, 0xf4, 0xf, 0x0, 0x2, 0xe0, 0xb, 0xc0,
    0x7, 0xc0, 0x3, 0xe0, 0xf, 0x82, 0x1, 0xf8,
    0x3f, 0xb, 0xc0, 0x7c, 0x1c, 0x1f, 0x40, 0x24,
    0x0, 0x3e, 0x0, 0x0, 0x0, 0x7c, 0xf, 0x0,
    0x0, 0xf4, 0xf, 0x40, 0x3, 0xd0, 0x7, 0xc0,
    0xf, 0xff, 0xff, 0xf0, 0xf, 0xff, 0xfa, 0xf4,
    0x5, 0x0, 0x0, 0x78, 0x0, 0x0, 0x0, 0x0,

    /* U+516D "六" */
    0x0, 0x2, 0x40, 0x0, 0x0, 0xb, 0xc0, 0x0,
    0x0, 0x3, 0xd0, 0x0, 0x0, 0x2, 0xd0, 0x0,
    0x3f, 0xff, 0xff, 0xfc, 0x3f, 0xff, 0xff, 0xfc,
    0x0, 0x0, 0x0, 0x0, 0x0, 0x0, 0x4, 0x0,
    0x0, 0xf8, 0x2e, 0x0, 0x1, 0xf0, 0xf, 0x40,
    0x3, 0xe0, 0x7, 0xc0, 0xb, 0xc0, 0x3, 0xe0,
    0x1f, 0x40, 0x0, 0xf4, 0x3e, 0x0, 0x0, 0xbc,
    0x1c, 0x0, 0x0, 0x20, 0x0, 0x0, 0x0, 0x0,

    /* U+5173 "关" */
    0x0, 0x0, 0x0, 0x0, 0x1, 0xd0, 0x7, 0xc0,
    0x0, 0xf0, 0xf, 0x40, 0x0, 0xb4, 0x1f, 0x0,
    0xf, 0xff, 0xff, 0xf0, 0xb, 0xff, 0xff, 0xf0,
    0x0, 0x3, 0xc0, 0x0, 0x0, 0x3, 0xd0, 0x0,
    0x3f, 0xff, 0xff, 0xfc, 0x3f, 0xff, 0xff, 0xfc,
    0x0, 0xf, 0xf0, 0x0, 0x0, 0x2f, 0xbd, 0x0,
    0x1, 0xfd, 0x1f, 0x80, 0x1f, 0xf4, 0xb, 0xf8,
    0x3f, 0x80, 0x1, 0xfc, 0x4, 0x0, 0x0, 0x0,

    /* U+517B "养" */
    0x0, 0x60, 0x6, 0x0, 0x0, 0xb0, 0xf, 0x0,
    0x1f, 0xff, 0xff, 0xf4, 0xa, 0xab, 0xea, 0xa4,
    0x6, 0xaf, 0xea, 0x90, 0x6, 0xbf, 0xaa, 0x90,
    0x15, 0x6f, 0x55, 0x54, 0x3f, 0xff, 0xff, 0xfc,
    0x7, 0xf0, 0xf, 0x80, 0x3f, 0xf4, 0x2f, 0xfc,
    0x29, 0xb4, 0x2d, 0x28, 0x0, 0xf4, 0x2d, 0x0,
    0x2, 0xf0, 0x2d, 0x0, 0xf, 0xc0, 0x2d, 0x0,
    0xa, 0x0, 0x2d, 0x0, 0x0, 0x0, 0x0, 0x0,

    /* U+51FA "出" */
    0x0, 0xf, 0x0, 0x0, 0x0, 0xf0, 0x0, 0x3c,
    0xf, 0x3, 0xc3, 0xc0, 0xf0, 0x3c, 0x3c, 0xf,
    0x3, 0xc3, 0xc0, 0xf0, 0x7c, 0x3f, 0xff, 0xff,
    0xc3, 0xff, 0xff, 0xf8, 0xf4, 0xf, 0x2, 0xdf,
    0x40, 0xf0, 0x2e, 0xf4, 0xf, 0x2, 0xef, 0x40,
    0xf0, 0x2e, 0xfe, 0xbf, 0xab, 0xef, 0xff, 0xff,
    0xfe, 0x0, 0x0, 0x2, 0xe0,

    /* U+51FB "击" */
    0x0, 0x3, 0xc0, 0x0, 0x0, 0x3, 0xc0, 0x0,
    0x0, 0x3, 0xc0, 0x0, 0xf, 0xff, 0xff, 0xf0,
    0xf, 0xff, 0xff, 0xf0, 0x0, 0x3, 0xc0, 0x0,
    0x3f, 0xff, 0xff, 0xfc, 0x3f, 0xff, 0xff, 0xfc,
    0x0, 0x3, 0xc0, 0x40, 0xf, 0x3, 0xc0, 0xf0,
    0xf, 0x3, 0xc0, 0xf0, 0xf, 0x3, 0xc0, 0xf0,
    0xf, 0xab, 0xea, 0xf0, 0xf, 0xff, 0xff, 0xf0,
    0x0, 0x0, 0x1, 0xf0,

    /* U+5206 "分" */
    0x0, 0x10, 0x4, 0x0, 0x0, 0xbc, 0x2e, 0x0,
    0x0, 0xf4, 0xf, 0x0, 0x2, 0xf0, 0x7, 0xc0,
    0x7, 0xc0, 0x3, 0xe0, 0x1f, 0x40, 0x0, 0xf8,
    0x3f, 0xff, 0xff, 0xfc, 0x1b, 0xff, 0xff, 0xd4,
    0x0, 0x1e, 0x3, 0xc0, 0x0, 0x2d, 0x3, 0xc0,
    0x0, 0x3c, 0x3, 0xc0, 0x0, 0xb8, 0x3, 0xc0,
    0x3, 0xf0, 0x7, 0x80, 0x2f, 0xc0, 0xff, 0x40,
    0x1e, 0x0, 0xfe, 0x0, 0x0, 0x0, 0x0, 0x0,

    /* U+5220 "删" */
    0x0, 0x0, 0x0, 0x2c, 0x1f, 0xeb, 0xf4, 0x2c,
    0x1e, 0xeb, 0xb6, 0xac, 0x1d, 0xeb, 0x76, 0xac,
    0x1d, 0xeb, 0x76, 0xac, 0x1d, 0xeb, 0x76, 0xac,
    0x2e, 0xff, 0xba, 0xac, 0x3f, 0xff, 0xfe, 0xac,
    0x1d, 0xef, 0x76, 0xac, 0x1c, 0xeb, 0x76, 0xac,
    0x1c, 0xee, 0x76, 0xac, 0x1c, 0xee, 0x75, 0x6c,
    0x2c, 0xee, 0x74, 0x2c, 0x3e, 0xfe, 0xb0, 0x7c,
    0x37, 0xed, 0xe0, 0xf8, 0x0, 0x0, 0x0, 0x0,

    /* U+5236 "制" */
    0x8, 0xb4, 0x0, 0x2c, 0xe, 0xb4, 0x0, 0x2c,
    0x1e, 0xb4, 0xb, 0x2c, 0x3f, 0xff, 0xcb, 0x2c,
    0x3d, 0xf9, 0x4b, 0x2c, 0x39, 0xb9, 0x5b, 0x2c,
    0x3f, 0xff, 0xfb, 0x2c, 0x15, 0xb9, 0x5b, 0x2c,
    0x5, 0xb9, 0x4b, 0x2c, 0x2f, 0xff, 0xdb, 0x2c,
    0x2d, 0xb5, 0xd7, 0x2c, 0x2c, 0xb5, 0xd0, 0x2c,
    0x2c, 0xb6, 0xd0, 0x3c, 0x2c, 0xbb, 0xc2, 0xfc,
    0x0, 0xb4, 0x2, 0xf4, 0x0, 0x0, 0x0, 0x0,

    /* U+524D "前" */
    0x0, 0x40, 0x1, 0x0, 0x3, 0xe0, 0x7, 0xc0,
    0x0, 0xf0, 0xf, 0x40, 0x3f, 0xff, 0xff, 0xfc,
    0x2a, 0xaa, 0xaa, 0xa8, 0x5, 0x55, 0x0, 0x74,
    0x1f, 0xff, 0x2c, 0x74, 0x1e, 0x5f, 0x2c, 0x74,
    0x1f, 0xaf, 0x2c, 0x74, 0x1f, 0xff, 0x2c, 0x74,
    0x1e, 0xf, 0x2c, 0x74, 0x1f, 0xff, 0x2c, 0x74,
    0x1e, 0xf, 0x14, 0x74, 0x1d, 0x6f, 0x6, 0xf4,
    0x1d, 0x3d, 0x7, 0xe0, 0x0, 0x0, 0x0, 0x0,

    /* U+52A9 "助" */
    0x0, 0x0, 0x2c, 0x0, 0xbf, 0xf0, 0xb0, 0x2,
    0xeb, 0xc2, 0xc0, 0xb, 0xf, 0xb, 0x40, 0x2e,
    0xbe, 0xff, 0xfc, 0xbf, 0xf6, 0xfa, 0xf2, 0xc3,
    0xc3, 0xc3, 0xcb, 0xf, 0xf, 0xe, 0x2f, 0xfc,
    0x3c, 0x38, 0xba, 0xf1, 0xe0, 0xe2, 0xc3, 0xdb,
    0x43, 0x8f, 0xff, 0xfc, 0x1e, 0xbf, 0x97, 0xd0,
    0xb4, 0x40, 0x3e, 0x3f, 0xc0, 0x0, 0xa0, 0xfe,
    0x0, 0x0, 0x0, 0x0,

    /* U+5305 "包" */
    0x0, 0xa0, 0x0, 0x0, 0x0, 0xf0, 0x0, 0x0,
    0x2, 0xfa, 0xaa, 0xa0, 0x7, 0xff, 0xff, 0xf0,
    0x1f, 0x40, 0x0, 0xf0, 0x7f, 0xaa, 0xa0, 0xf0,
    0x2b, 0xff, 0xf0, 0xf0, 0x3, 0xc0, 0xf0, 0xf0,
    0x3, 0xc0, 0xf0, 0xf0, 0x3, 0xff, 0xf1, 0xf0,
    0x3, 0xea, 0xaf, 0xe0, 0x3, 0xc0, 0x6, 0x40,
    0x3, 0xc0, 0x0, 0x2d, 0x2, 0xff, 0xff, 0xfc,
    0x0, 0xbf, 0xff, 0xf4,

    /* U+5341 "十" */
    0x0, 0x3, 0xc0, 0x0, 0x0, 0x3, 0xc0, 0x0,
    0x0, 0x3, 0xc0, 0x0, 0x0, 0x3, 0xc0, 0x0,
    0x0, 0x3, 0xc0, 0x0, 0x0, 0x3, 0xc0, 0x0,
    0x3f, 0xff, 0xff, 0xfd, 0x3f, 0xff, 0xff, 0xfd,
    0x0, 0x3, 0xc0, 0x0, 0x0, 0x3, 0xc0, 0x0,
    0x0, 0x3, 0xc0, 0x0, 0x0, 0x3, 0xc0, 0x0,
    0x0, 0x3, 0xc0, 0x0, 0x0, 0x3, 0xc0, 0x0,
    0x0, 0x3, 0xc0, 0x0,

    /* U+5343 "千" */
    0x0, 0x0, 0x0, 0x0, 0x0, 0x0, 0x6b, 0xc0,
    0xa, 0xff, 0xff, 0x90, 0xf, 0xfb, 0xd0, 0x0,
    0x0, 0x3, 0xc0, 0x0, 0x0, 0x3, 0xc0, 0x0,
    0x0, 0x3, 0xc0, 0x0, 0x3f, 0xff, 0xff, 0xfd,
    0x3f, 0xff, 0xff, 0xfd, 0x0, 0x3, 0xc0, 0x0,
    0x0, 0x3, 0xc0, 0x0, 0x0, 0x3, 0xc0, 0x0,
    0x0, 0x3, 0xc0, 0x0, 0x0, 0x3, 0xc0, 0x0,
    0x0, 0x3, 0xc0, 0x0,

    /* U+5370 "印" */
    0x0, 0x0, 0x0, 0x0, 0x1, 0xbc, 0xaa, 0xa8,
    0xf, 0xf8, 0xbf, 0xfc, 0xf, 0x0, 0xb4, 0x3c,
    0xe, 0x0, 0xb0, 0x3c, 0xe, 0x0, 0xb0, 0x3c,
    0xf, 0xfe, 0xb0, 0x3c, 0xf, 0xfd, 0xb0, 0x3c,
    0xe, 0x0, 0xb0, 0x3c, 0xe, 0x0, 0xb0, 0x3c,
    0x1e, 0x19, 0xb0, 0x3c, 0x3f, 0xfe, 0xb3, 0xfc,
    0x2f, 0x90, 0xb2, 0xf4, 0x0, 0x0, 0xb0, 0x0,
    0x0, 0x0, 0xb0, 0x0,

    /* U+5386 "历" */
    0x2f, 0xff, 0xff, 0xfc, 0xbf, 0xff, 0xff, 0xf2,
    0xd0, 0x4, 0x0, 0xb, 0x40, 0xb4, 0x0, 0x2d,
    0x3, 0xc0, 0x0, 0xb7, 0xff, 0xff, 0xd2, 0xda,
    0xbe, 0xaf, 0x4b, 0x40, 0xf0, 0x2c, 0x3c, 0x7,
    0x80, 0xb0, 0xf0, 0x2d, 0x3, 0xc3, 0xc0, 0xf0,
    0xf, 0xf, 0xf, 0x40, 0x3c, 0xb9, 0xf8, 0x3f,
    0xe1, 0xc3, 0x40, 0xfe, 0x0, 0x0, 0x0, 0x0,
    0x0,

    /* U+53CA "及" */
    0x2f, 0xff, 0xfd, 0x0, 0x2f, 0xff, 0xfc, 0x0,
    0x0, 0xf0, 0x3c, 0x0, 0x0, 0xf0, 0x3c, 0x0,
    0x0, 0xf8, 0x7f, 0xf4, 0x0, 0xfc, 0xbf, 0xf4,
    0x1, 0xfd, 0x0, 0xf0, 0x2, 0xef, 0x2, 0xe0,
    0x3, 0xdb, 0xc3, 0xc0, 0x7, 0xc3, 0xef, 0x40,
    0xf, 0x80, 0xfe, 0x0, 0x2f, 0x2, 0xff, 0x80,
    0x7d, 0x2f, 0xeb, 0xfc, 0x28, 0x3e, 0x0, 0xbc,
    0x0, 0x0, 0x0, 0x0,

    /* U+53CC "双" */
    0x0, 0x0, 0x0, 0x0, 0x3f, 0xfd, 0xff, 0xfc,
    0x2a, 0xbd, 0xfa, 0xb8, 0x0, 0x3c, 0xf0, 0x78,
    0x2c, 0x3c, 0xb0, 0xb4, 0x3e, 0x78, 0x74, 0xf0,
    0xf, 0xf4, 0x78, 0xf0, 0x3, 0xf0, 0x3e, 0xe0,
    0x1, 0xf0, 0x2f, 0xc0, 0x3, 0xfc, 0xf, 0x80,
    0x7, 0xfd, 0x2f, 0x80, 0xf, 0x5d, 0x7f, 0xd0,
    0x3e, 0x7, 0xf5, 0xf8, 0x3c, 0x3, 0xd0, 0x7c,
    0x10, 0x1, 0x0, 0x0,

    /* U+53CD "反" */
    0x0, 0x0, 0x0, 0x0, 0x0, 0x56, 0xbf, 0x40,
    0xff, 0xff, 0xf9, 0x3, 0xe5, 0x40, 0x0, 0xf,
    0x0, 0x0, 0x0, 0x3f, 0xff, 0xff, 0x80, 0xff,
    0xff, 0xfe, 0x3, 0xcf, 0x0, 0xf0, 0xf, 0x1e,
    0x7, 0xc0, 0x3c, 0x3d, 0x3d, 0x0, 0xe0, 0x3f,
    0xe0, 0x7, 0x80, 0xbf, 0x0, 0x2d, 0xb, 0xff,
    0x40, 0xf7, 0xfd, 0x7f, 0xe3, 0x8f, 0x80, 0x1f,
    0x40, 0x0, 0x0, 0x0,

    /* U+53D4 "叔" */
    0x2, 0xc0, 0x0, 0x0, 0x2, 0xc0, 0xbf, 0xfc,
    0x2, 0xfa, 0xbf, 0xfc, 0x2, 0xff, 0x3c, 0x3c,
    0x2, 0xc0, 0x3c, 0x3c, 0x2, 0xd0, 0x2c, 0x38,
    0x3f, 0xff, 0xdd, 0x74, 0x2a, 0xfa, 0x4e, 0xf0,
    0x4, 0xe6, 0xf, 0xe0, 0x2d, 0xe7, 0x7, 0xd0,
    0x3c, 0xe3, 0x87, 0xc0, 0x38, 0xe3, 0x8f, 0xe0,
    0x20, 0xe0, 0x3e, 0xf8, 0xa, 0xe1, 0xf8, 0x3e,
    0x7, 0xd0, 0xd0, 0xc, 0x0, 0x0, 0x0, 0x0,

    /* U+53EA "只" */
    0x0, 0x0, 0x0, 0x0, 0x3f, 0xff, 0xff, 0x0,
    0xfa, 0xaa, 0xbc, 0x3, 0xc0, 0x0, 0xf0, 0xf,
    0x0, 0x3, 0xc0, 0x3c, 0x0, 0xf, 0x0, 0xff,
    0xff, 0xfc, 0x3, 0xff, 0xff, 0xf0, 0x0, 0x0,
    0x0, 0x0, 0x1, 0x80, 0x60, 0x0, 0x1f, 0x42,
    0xf0, 0x1, 0xf4, 0x2, 0xf4, 0x3f, 0x40, 0x2,
    0xf4, 0xb0, 0x0, 0x2, 0xc0, 0x0, 0x0, 0x0,
    0x0,

    /* U+53F2 "史" */
    0x0, 0x3, 0xc0, 0x0, 0x0, 0x3, 0xc0, 0x0,
    0x0, 0x3, 0xc0, 0x0, 0xf, 0xff, 0xff, 0xf0,
    0xf, 0xff, 0xff, 0xf0, 0xf, 0x3, 0xc0, 0xb0,
    0xf, 0x3, 0xc0, 0xb0, 0xf, 0xff, 0xff, 0xf0,
    0xf, 0xff, 0xff, 0xf0, 0x3, 0x83, 0xc0, 0x0,
    0x3, 0xe7, 0x80, 0x0, 0x0, 0xff, 0x0, 0x0,
    0x0, 0xbf, 0xe4, 0x0, 0x2f, 0xfb, 0xff, 0xfd,
    0x2f, 0x40, 0x1a, 0xfc, 0x0, 0x0, 0x0, 0x0,

    /* U+540C "同" */
    0xff, 0xff, 0xff, 0xff, 0xff, 0xff, 0xff, 0xf0,
    0x0, 0x0, 0xff, 0x3f, 0xff, 0xcf, 0xf2, 0xaa,
    0xa8, 0xff, 0x0, 0x0, 0xf, 0xf0, 0xff, 0xf0,
    0xff, 0xf, 0xaf, 0xf, 0xf0, 0xe0, 0xb0, 0xff,
    0xe, 0xb, 0xf, 0xf0, 0xff, 0xf0, 0xff, 0xf,
    0xaa, 0xf, 0xf0, 0x40, 0x1f, 0xef, 0x0, 0x0,
    0xfc, 0x0, 0x0, 0x0, 0x0,

    /* U+540E "后" */
    0x0, 0x0, 0x1, 0x80, 0x5, 0xab, 0xff, 0xe0,
    0xf, 0xff, 0xe9, 0x40, 0xf, 0x40, 0x0, 0x0,
    0xf, 0x0, 0x0, 0x0, 0xf, 0xff, 0xff, 0xfd,
    0xf, 0xff, 0xff, 0xfd, 0xf, 0x0, 0x0, 0x0,
    0xf, 0x2a, 0xaa, 0xa0, 0xf, 0x3f, 0xff, 0xf0,
    0xf, 0x3c, 0x0, 0xf0, 0x1e, 0x3c, 0x0, 0xf0,
    0x3c, 0x3c, 0x0, 0xf0, 0x7c, 0x3f, 0xff, 0xf0,
    0x30, 0x3e, 0xaa, 0xf0, 0x0, 0x0, 0x0, 0x0,

    /* U+542B "含" */
    0x0, 0x0, 0x80, 0x0, 0x0, 0x0, 0xfc, 0x0,
    0x0, 0x1, 0xff, 0x80, 0x0, 0x2, 0xf4, 0xbd,
    0x0, 0x1f, 0xf7, 0xc7, 0xf9, 0xf, 0xd0, 0xbc,
    0x2f, 0x80, 0x5a, 0xae, 0xa4, 0x40, 0xf, 0xff,
    0xff, 0x0, 0x0, 0x0, 0xf, 0x40, 0x0, 0x0,
    0xf, 0x80, 0x0, 0x3f, 0xff, 0xff, 0x0, 0xf,
    0xaa, 0xab, 0xc0, 0x3, 0x80, 0x0, 0xf0, 0x0,
    0xff, 0xff, 0xfc, 0x0, 0x3e, 0xaa, 0xaf, 0x0,

    /* U+548C "和" */
    0x0, 0x4, 0x0, 0x0, 0x16, 0xf8, 0x0, 0x3,
    0xff, 0x8f, 0xff, 0xc1, 0x78, 0x2f, 0xff, 0x0,
    0xe0, 0xb0, 0x3c, 0xff, 0xff, 0xc0, 0xf3, 0xff,
    0xff, 0x3, 0xc0, 0xfc, 0x2c, 0xf, 0x7, 0xfc,
    0xb0, 0x3c, 0x3f, 0xff, 0xc0, 0xf2, 0xee, 0x6b,
    0x3, 0xcf, 0x38, 0x2e, 0xaf, 0x30, 0xe0, 0xbf,
    0xfc, 0x3, 0x82, 0xc0, 0xf0, 0xe, 0x6, 0x2,
    0x40,

    /* U+54E5 "哥" */
    0x3f, 0xff, 0xff, 0xfc, 0x2a, 0xaa, 0xab, 0xf8,
    0x7, 0xff, 0xf2, 0xd0, 0x7, 0x55, 0xb2, 0xd0,
    0x7, 0x55, 0xb2, 0xd0, 0x7, 0xff, 0xf2, 0xd0,
    0x15, 0x55, 0x56, 0xe4, 0x3f, 0xff, 0xff, 0xfc,
    0x0, 0x0, 0x1, 0xf0, 0xb, 0xff, 0xf1, 0xe0,
    0xb, 0x95, 0xf1, 0xe0, 0xb, 0x95, 0xf1, 0xe0,
    0xb, 0xff, 0xff, 0xe0, 0x1, 0x0, 0x1f, 0xc0,

    /* U+5668 "器" */
    0xf, 0xfc, 0x7f, 0xf0, 0xf, 0xbc, 0x7a, 0xf0,
    0xd, 0x2c, 0x74, 0xb0, 0xf, 0xfc, 0x7f, 0xf0,
    0xa, 0xae, 0x6f, 0xa0, 0x0, 0xf, 0xf, 0x80,
    0x3f, 0xff, 0xff, 0xfc, 0x2b, 0xfe, 0xbf, 0xa8,
    0x7, 0xd0, 0xf, 0xd0, 0x7f, 0xe8, 0x6b, 0xfd,
    0x2f, 0xfd, 0xbf, 0xf8, 0xf, 0x1d, 0xb0, 0xf0,
    0xf, 0xbd, 0xba, 0xf0, 0xf, 0xfd, 0xbf, 0xf0,

    /* U+56DB "四" */
    0x0, 0x0, 0x0, 0xf, 0xff, 0xff, 0xff, 0xff,
    0xff, 0xff, 0xff, 0xf, 0xe, 0xf, 0xf0, 0xf0,
    0xe0, 0xff, 0xf, 0xe, 0xf, 0xf0, 0xe0, 0xe0,
    0xff, 0x3d, 0xf, 0xaf, 0xff, 0xc0, 0xbf, 0xff,
    0x70, 0x0, 0xf, 0xf0, 0x0, 0x0, 0xff, 0xff,
    0xff, 0xff, 0xff, 0xff, 0xff, 0xff, 0x0, 0x0,
    0xe,

    /* U+56DE "回" */
    0xff, 0xff, 0xff, 0xff, 0xff, 0xff, 0xff, 0xf0,
    0x0, 0x0, 0xff, 0x0, 0x0, 0xf, 0xf0, 0xff,
    0xf0, 0xff, 0xf, 0xaf, 0xf, 0xf0, 0xe0, 0xf0,
    0xff, 0xe, 0xf, 0xf, 0xf0, 0xfa, 0xf0, 0xff,
    0xf, 0xff, 0xf, 0xf0, 0x0, 0x0, 0xff, 0x0,
    0x0, 0xf, 0xff, 0xff, 0xff, 0xff, 0xea, 0xaa,
    0xbf,

    /* U+5802 "堂" */
    0x2, 0x3, 0xc0, 0xd0, 0x7, 0xc3, 0xc2, 0xe0,
    0x3, 0xc3, 0xc3, 0xc0, 0x3f, 0xff, 0xff, 0xfd,
    0x3e, 0xaa, 0xaa, 0xbd, 0x38, 0x55, 0x55, 0x5d,
    0x39, 0xff, 0xff, 0x9d, 0x1, 0xd0, 0x3, 0x80,
    0x1, 0xff, 0xff, 0x80, 0x0, 0x57, 0xd5, 0x40,
    0x6, 0xab, 0xea, 0xa0, 0xb, 0xff, 0xff, 0xf0,
    0x0, 0x3, 0xc0, 0x0, 0x2a, 0xab, 0xea, 0xa8,
    0x3f, 0xff, 0xff, 0xfd,

    /* U+590D "复" */
    0x0, 0x0, 0x0, 0x0, 0x2, 0xd0, 0x0, 0x0,
    0x7, 0xff, 0xff, 0xfc, 0x1f, 0x55, 0x55, 0x54,
    0x3f, 0xff, 0xff, 0xe0, 0x13, 0xd5, 0x55, 0xf0,
    0x3, 0xff, 0xff, 0xf0, 0x3, 0xd5, 0x55, 0xf0,
    0x3, 0xff, 0xff, 0xf0, 0x0, 0xbd, 0x55, 0x40,
    0x2, 0xff, 0xff, 0xd0, 0x1f, 0xf8, 0x1f, 0x80,
    0x4, 0x2f, 0xfd, 0x0, 0x2b, 0xff, 0xff, 0xe9,
    0x3f, 0xe4, 0x6, 0xfc, 0x0, 0x0, 0x0, 0x0,

    /* U+5916 "外" */
    0x0, 0x0, 0x0, 0x0, 0x3, 0x80, 0x3c, 0x0,
    0x7, 0x80, 0x3c, 0x0, 0xb, 0x80, 0x3c, 0x0,
    0xf, 0xff, 0x7c, 0x0, 0xf, 0xff, 0x7c, 0x0,
    0x2e, 0xf, 0x3e, 0x0, 0x3c, 0xf, 0x3f, 0xc0,
    0xbb, 0x6e, 0x3e, 0xf0, 0x13, 0xfc, 0x3c, 0xbc,
    0x0, 0xfc, 0x3c, 0x28, 0x0, 0xf4, 0x3c, 0x0,
    0x3, 0xe0, 0x3c, 0x0, 0x1f, 0xc0, 0x3c, 0x0,
    0x7e, 0x0, 0x3c, 0x0, 0x14, 0x0, 0x3c, 0x0,

    /* U+592B "夫" */
    0x0, 0x3, 0xc0, 0x0, 0x0, 0x3, 0xc0, 0x0,
    0x0, 0x7, 0xc0, 0x0, 0xf, 0xff, 0xff, 0xf0,
    0xa, 0xaf, 0xea, 0xa0, 0x0, 0x3, 0xc0, 0x0,
    0x0, 0x3, 0xc0, 0x0, 0x3f, 0xff, 0xff, 0xfc,
    0x3f, 0xff, 0xff, 0xfc, 0x0, 0xf, 0xe0, 0x0,
    0x0, 0x1f, 0xf4, 0x0, 0x0, 0x7e, 0x7d, 0x0,
    0x2, 0xf8, 0x2f, 0x80, 0x2f, 0xe0, 0x7, 0xfd,
    0x3e, 0x0, 0x0, 0xbc, 0x0, 0x0, 0x0, 0x0,

    /* U+5973 "女" */
    0x0, 0x9, 0x0, 0x0, 0x0, 0xf, 0x0, 0x0,
    0x0, 0x1e, 0x0, 0x0, 0x0, 0x3d, 0x0, 0x0,
    0x3f, 0xff, 0xff, 0xfc, 0x3f, 0xff, 0xff, 0xfc,
    0x0, 0xf4, 0xf, 0x40, 0x1, 0xf0, 0xf, 0x0,
    0x3, 0xe0, 0x2e, 0x0, 0x7, 0xf8, 0x3c, 0x0,
    0x0, 0xbf, 0xf8, 0x0, 0x0, 0xf, 0xfd, 0x0,
    0x0, 0x7f, 0xff, 0xd0, 0x3f, 0xfe, 0xb, 0xf8,
    0x3f, 0x90, 0x0, 0xb4, 0x0, 0x0, 0x0, 0x0,

    /* U+5976 "奶" */
    0x0, 0x0, 0x0, 0x0, 0x3c, 0x0, 0x0, 0x0,
    0xf0, 0xaa, 0xa8, 0x3, 0x83, 0xff, 0xf0, 0x6f,
    0xa2, 0xd3, 0xc2, 0xff, 0xcb, 0xe, 0x2, 0xdf,
    0x2c, 0x74, 0xf, 0x3c, 0xb2, 0xff, 0x3c, 0xe3,
    0xc6, 0xbd, 0xe7, 0x4f, 0x0, 0xf3, 0xfc, 0x3c,
    0x3, 0x82, 0xf1, 0xe0, 0xe, 0xb, 0xeb, 0x0,
    0x38, 0x7e, 0x7c, 0x1, 0xd7, 0xc3, 0xd0, 0xff,
    0xc, 0x6, 0x2, 0xf8, 0x0, 0x0, 0x0, 0x0,

    /* U+5987 "妇" */
    0x0, 0x0, 0x0, 0x0, 0x1e, 0x0, 0x0, 0x0,
    0x74, 0x1a, 0xaa, 0x42, 0xd0, 0xbf, 0xff, 0x2f,
    0xa8, 0x55, 0x7c, 0xff, 0xf0, 0x0, 0xf0, 0xf3,
    0xc0, 0x3, 0xc3, 0x8e, 0x0, 0xf, 0x1d, 0x38,
    0xff, 0xfc, 0xb5, 0xd3, 0xff, 0xf1, 0xff, 0x0,
    0x3, 0xc0, 0xfc, 0x0, 0xf, 0x3, 0xf8, 0x0,
    0x3c, 0x3e, 0xf6, 0xaa, 0xf3, 0xe0, 0x2f, 0xff,
    0xc9, 0x0, 0x0, 0xf,

    /* U+5997 "妗" */
    0x0, 0x0, 0x0, 0x0, 0x7, 0x40, 0xf, 0x0,
    0xb, 0x0, 0x1f, 0x0, 0xb, 0x0, 0x3f, 0xc0,
    0x2f, 0xa4, 0xf6, 0xe0, 0x3f, 0xfa, 0xf4, 0xf8,
    0x1e, 0x7f, 0xde, 0x3d, 0x1d, 0x7b, 0x4b, 0x5c,
    0x2c, 0xb0, 0x3, 0x0, 0x3c, 0xf3, 0xff, 0xf4,
    0x2f, 0xf2, 0xaa, 0xf0, 0xb, 0xe0, 0x1, 0xf0,
    0x3, 0xf0, 0x2, 0xd0, 0xb, 0xf8, 0x3, 0xc0,
    0x2f, 0x20, 0xb, 0x40, 0x3c, 0x0, 0xf, 0x0,
    0x0, 0x0, 0x0, 0x0,

    /* U+59B9 "妹" */
    0x0, 0x0, 0x0, 0x0, 0xb, 0x0, 0xf, 0x0,
    0xf, 0x0, 0xf, 0x0, 0xf, 0x1, 0x5f, 0x54,
    0x2f, 0xa7, 0xff, 0xfc, 0x7f, 0xf1, 0x6f, 0x54,
    0x1d, 0xb0, 0xf, 0x0, 0x2c, 0xf0, 0xf, 0x0,
    0x2c, 0xfb, 0xff, 0xfd, 0x3c, 0xe6, 0xbf, 0xe9,
    0x3f, 0xd0, 0x3f, 0xc0, 0xb, 0xd0, 0xff, 0xe0,
    0x7, 0xf2, 0xef, 0xb4, 0xf, 0xbf, 0x8f, 0x3d,
    0x7d, 0xe, 0xf, 0x8, 0x34, 0x0, 0xf, 0x0,
    0x0, 0x0, 0x0, 0x0,

    /* U+59BB "妻" */
    0x0, 0x3, 0xc0, 0x0, 0x15, 0x5b, 0xd5, 0x54,
    0x2f, 0xff, 0xff, 0xfc, 0x1, 0x57, 0xd5, 0x50,
    0xb, 0xff, 0xff, 0xf0, 0x15, 0x5b, 0xd6, 0xf4,
    0x3f, 0xff, 0xff, 0xfd, 0x5, 0x57, 0xd5, 0xf0,
    0xb, 0xff, 0xff, 0xe0, 0x15, 0x5f, 0x55, 0x54,
    0x3f, 0xff, 0xff, 0xfd, 0x1, 0xf4, 0x1f, 0x40,
    0x1, 0xff, 0xbd, 0x0, 0x1a, 0xbf, 0xff, 0xe0,
    0x2f, 0xe9, 0x1, 0xf4, 0x0, 0x0, 0x0, 0x0,

    /* U+59D0 "姐" */
    0x0, 0x0, 0x0, 0x0, 0xb, 0x0, 0x0, 0x0,
    0xb, 0x2, 0xff, 0xf0, 0xf, 0x2, 0xff, 0xf0,
    0x2f, 0xa2, 0xc0, 0xf0, 0x3f, 0xf6, 0xc0, 0xf0,
    0x2e, 0xb6, 0xfa, 0xf0, 0x1d, 0xb6, 0xff, 0xf0,
    0x2c, 0xb2, 0xc0, 0xf0, 0x2c, 0xf2, 0xc0, 0xf0,
    0x3d, 0xe2, 0xff, 0xf0, 0x1f, 0xd2, 0xfa, 0xf0,
    0x7, 0xd2, 0xc0, 0xf0, 0xb, 0xf2, 0xc0, 0xf0,
    0x2f, 0x6f, 0xff, 0xfd, 0x3c, 0xf, 0xff, 0xfd,
    0x0, 0x0, 0x0, 0x0,

    /* U+59D1 "姑" */
    0x0, 0x0, 0x0, 0x0, 0xf, 0x0, 0xf, 0x0,
    0xf, 0x0, 0xf, 0x0, 0xf, 0x0, 0xf, 0x0,
    0xf, 0x0, 0xf, 0x0, 0x3f, 0xfb, 0xff, 0xfd,
    0x3f, 0xba, 0xff, 0xfd, 0x1d, 0x74, 0xf, 0x0,
    0x2c, 0x74, 0xf, 0x0, 0x3c, 0xb1, 0xaf, 0xa8,
    0x2f, 0xf1, 0xff, 0xfc, 0xb, 0xe1, 0xd0, 0x3c,
    0x3, 0xf1, 0xd0, 0x3c, 0xb, 0xf9, 0xd0, 0x3c,
    0x2f, 0x79, 0xff, 0xfc, 0x38, 0x11, 0xfa, 0xbc,
    0x0, 0x0, 0x0, 0x0,

    /* U+59E8 "姨" */
    0x0, 0x0, 0x0, 0x0, 0xf, 0x0, 0x2c, 0x0,
    0xe, 0xa, 0xbe, 0xa8, 0xe, 0xf, 0xff, 0xfc,
    0x2e, 0x50, 0x2d, 0x0, 0x7f, 0xf7, 0xff, 0xf8,
    0x2d, 0xf2, 0xbe, 0xb8, 0x2c, 0xf6, 0xbf, 0xb8,
    0x3c, 0xe7, 0xff, 0xa4, 0x39, 0xdb, 0x7e, 0x54,
    0x3e, 0xcf, 0xff, 0xfc, 0x1f, 0xc0, 0x3e, 0x2c,
    0xb, 0xc0, 0xbf, 0xbc, 0xf, 0xe1, 0xe3, 0xd0,
    0x3d, 0xdb, 0xc1, 0xf8, 0x34, 0x1f, 0x0, 0x7c,
    0x0, 0x0, 0x0, 0x0,

    /* U+59EA "姪" */
    0x0, 0x0, 0x0, 0x0, 0xf, 0x0, 0x0, 0x0,
    0xf, 0xb, 0xff, 0xfd, 0xe, 0x6, 0xbe, 0xa8,
    0x6f, 0xa0, 0xb8, 0x50, 0xbf, 0xf0, 0xf0, 0xf0,
    0x2d, 0xb3, 0xe5, 0xf8, 0x2c, 0xfb, 0xff, 0xfc,
    0x3c, 0xf6, 0x59, 0x1c, 0x3c, 0xe0, 0xe, 0x0,
    0x3f, 0xd6, 0xaf, 0xa8, 0xf, 0xc7, 0xff, 0xfc,
    0x7, 0xd0, 0xe, 0x0, 0xf, 0xf0, 0xe, 0x0,
    0x7e, 0x2a, 0xbf, 0xa9, 0x38, 0xf, 0xff, 0xfd,
    0x0, 0x0, 0x0, 0x0,

    /* U+59FB "姻" */
    0x0, 0x0, 0x0, 0x0, 0xf, 0x0, 0x0, 0x0,
    0xe, 0x7, 0xff, 0xfc, 0xe, 0x7, 0xea, 0xbc,
    0x1e, 0x5b, 0xd, 0x3c, 0x7f, 0xfb, 0xd, 0x3c,
    0x2d, 0xf7, 0x6e, 0x7c, 0x2c, 0xf7, 0xbf, 0xfc,
    0x38, 0xf7, 0x5d, 0x3c, 0x38, 0xe7, 0x1f, 0x3c,
    0x3f, 0xd7, 0x7f, 0x7c, 0xf, 0xc7, 0xb6, 0xfc,
    0x7, 0xc7, 0xf0, 0xfc, 0xf, 0xfb, 0x50, 0x3c,
    0x3e, 0xa7, 0xff, 0xfc, 0x34, 0x7, 0xaa, 0xbc,

    /* U+5A46 "婆" */
    0x9, 0x0, 0x3c, 0x0, 0xf, 0x85, 0x7d, 0x54,
    0x2, 0x6f, 0xff, 0xfc, 0x38, 0x2d, 0x3c, 0x34,
    0x1d, 0x2f, 0xff, 0xf4, 0x3, 0x7e, 0xf6, 0xf0,
    0xf, 0x78, 0xbf, 0xc0, 0x3d, 0xfa, 0xff, 0xf8,
    0x24, 0xa7, 0x90, 0x6c, 0x15, 0x6f, 0x55, 0x54,
    0x3f, 0xff, 0xff, 0xfc, 0x0, 0xf4, 0x1f, 0x40,
    0x2, 0xff, 0xfd, 0x0, 0x1a, 0xbf, 0xff, 0xe4,
    0x3f, 0xe4, 0x6, 0xf4, 0x0, 0x0, 0x0, 0x0,

    /* U+5A76 "婶" */
    0x0, 0x0, 0x0, 0x0, 0xb, 0x0, 0x1d, 0x0,
    0xf, 0x0, 0xf, 0x0, 0xf, 0xb, 0xff, 0xfc,
    0x2f, 0xab, 0x6f, 0x6c, 0x7f, 0xfb, 0xe, 0x1c,
    0x2e, 0xf2, 0xaf, 0xa4, 0x1c, 0xb3, 0xff, 0xf8,
    0x2c, 0xe3, 0x8e, 0x38, 0x3c, 0xd3, 0xaf, 0x78,
    0x3e, 0xc3, 0xff, 0xf8, 0xf, 0xc3, 0x4e, 0x38,
    0x7, 0xd3, 0xff, 0xf8, 0xf, 0xf3, 0xaf, 0x78,
    0x3d, 0x11, 0xe, 0x0, 0x20, 0x0, 0xe, 0x0,

    /* U+5A7F "婿" */
    0x0, 0x0, 0x0, 0x0, 0xf, 0x0, 0x0, 0x0,
    0xf, 0xb, 0xff, 0xfd, 0xe, 0x6, 0x9f, 0x6c,
    0x2f, 0xa2, 0xcf, 0xf8, 0x7f, 0xf3, 0xdf, 0x54,
    0x2d, 0xf7, 0xff, 0xa9, 0x2c, 0xef, 0x1f, 0xfe,
    0x3c, 0xe2, 0x55, 0x54, 0x38, 0xd3, 0xff, 0xf8,
    0x3e, 0xc3, 0xd5, 0x78, 0x1f, 0xc3, 0xff, 0xf8,
    0x7, 0xd3, 0xd5, 0x78, 0xf, 0xf3, 0xff, 0xf8,
    0x3d, 0x13, 0xc1, 0xb8, 0x24, 0x3, 0xc1, 0xf4,

    /* U+5AB3 "媳" */
    0x0, 0x0, 0x0, 0x0, 0xf, 0x0, 0x1f, 0x0,
    0xf, 0x0, 0x2e, 0x0, 0xe, 0x3, 0xff, 0xf8,
    0x6f, 0xa3, 0xd5, 0x78, 0x7f, 0xf3, 0xff, 0xf8,
    0x1d, 0xb3, 0xd5, 0x78, 0x2c, 0xf3, 0xea, 0xf8,
    0x2c, 0xf3, 0xea, 0xf8, 0x38, 0xe3, 0xd5, 0xb8,
    0x3d, 0xd3, 0xff, 0xf8, 0x1f, 0xc0, 0x6e, 0x0,
    0x7, 0xef, 0xe7, 0x7c, 0xf, 0xee, 0xe0, 0xad,
    0x3d, 0x1d, 0xfa, 0xef, 0x34, 0x8, 0x7f, 0xc0,
    0x0, 0x0, 0x0, 0x0,

    /* U+5AC2 "嫂" */
    0x0, 0x0, 0x0, 0x0, 0xf, 0x0, 0x5d, 0x0,
    0xe, 0x2, 0xfe, 0xfc, 0xe, 0x7, 0xde, 0xfc,
    0xe, 0x7, 0xd, 0x2c, 0x7f, 0xf7, 0xde, 0xbc,
    0x7e, 0xf7, 0x9e, 0xbc, 0x2c, 0xf7, 0xaf, 0xbc,
    0x3c, 0xf7, 0xff, 0xfc, 0x38, 0xe0, 0xd, 0x0,
    0x3e, 0xdb, 0xff, 0xf8, 0xf, 0xc7, 0xea, 0xf4,
    0x7, 0xe1, 0xf2, 0xf0, 0xf, 0xf0, 0x7f, 0xc0,
    0x3e, 0x26, 0xff, 0xf8, 0x38, 0xf, 0x90, 0xbc,
    0x0, 0x0, 0x0, 0x0,

    /* U+5B50 "子" */
    0x0, 0x0, 0x0, 0x0, 0x7, 0xff, 0xff, 0xe0,
    0x7, 0xff, 0xff, 0xe0, 0x0, 0x0, 0x2f, 0x80,
    0x0, 0x1, 0xfd, 0x0, 0x0, 0x2, 0xe0, 0x0,
    0x0, 0x2, 0xc0, 0x0, 0x3f, 0xff, 0xff, 0xfd,
    0x3f, 0xff, 0xff, 0xfd, 0x0, 0x2, 0xd0, 0x0,
    0x0, 0x2, 0xc0, 0x0, 0x0, 0x2, 0xc0, 0x0,
    0x0, 0x2, 0xc0, 0x0, 0x0, 0xbf, 0xc0, 0x0,
    0x0, 0x7f, 0x40, 0x0, 0x0, 0x0, 0x0, 0x0,

    /* U+5B58 "存" */
    0x0, 0x9, 0x0, 0x0, 0x0, 0x2e, 0x0, 0x0,
    0x2a, 0xbf, 0xaa, 0xa8, 0x3f, 0xff, 0xff, 0xfc,
    0x0, 0xf4, 0x0, 0x0, 0x1, 0xf2, 0xaa, 0xa0,
    0x3, 0xc3, 0xff, 0xf0, 0xf, 0x80, 0x7, 0xc0,
    0x7f, 0x80, 0x1f, 0x0, 0x7f, 0x9a, 0xbf, 0xa8,
    0x17, 0x9f, 0xff, 0xfd, 0x7, 0x80, 0x1e, 0x0,
    0x7, 0x80, 0x1e, 0x0, 0x7, 0x81, 0xfe, 0x0,
    0x7, 0x81, 0xfc, 0x0, 0x0, 0x0, 0x0, 0x0,

    /* U+5B59 "孙" */
    0x0, 0x0, 0xf, 0x0, 0x3f, 0xfc, 0xf, 0x0,
    0x2a, 0xf8, 0xf, 0x0, 0x0, 0xf0, 0xf, 0x0,
    0x2, 0xd1, 0xdf, 0x74, 0x3, 0xc2, 0xdf, 0x38,
    0x3, 0xd2, 0xcf, 0x3c, 0x7, 0xf7, 0xcf, 0x2c,
    0x3f, 0xd3, 0x8f, 0x1d, 0x3b, 0x87, 0x4f, 0x1e,
    0x3, 0x8b, 0xf, 0xe, 0x3, 0x80, 0xf, 0x0,
    0x3, 0x80, 0xf, 0x0, 0x1b, 0x80, 0xbf, 0x0,
    0x1f, 0x40, 0xbd, 0x0, 0x0, 0x0, 0x0, 0x0,

    /* U+5B97 "宗" */
    0x0, 0x2, 0x40, 0x0, 0x0, 0x3, 0xc0, 0x0,
    0x3f, 0xff, 0xff, 0xfc, 0x3e, 0xaa, 0xaa, 0xbc,
    0x3c, 0x0, 0x0, 0x3c, 0x28, 0xff, 0xff, 0x28,
    0x0, 0xaa, 0xaa, 0x0, 0x0, 0x0, 0x0, 0x0,
    0x3f, 0xff, 0xff, 0xfc, 0x3f, 0xff, 0xff, 0xfc,
    0x2, 0x43, 0xc0, 0x40, 0xb, 0xc3, 0xc3, 0xd0,
    0x2f, 0x3, 0xc1, 0xf4, 0x3c, 0x3f, 0xc0, 0x78,
    0x0, 0x3f, 0x40, 0x0,

    /* U+5B9A "定" */
    0x0, 0x1, 0x40, 0x0, 0x0, 0x3, 0xc0, 0x0,
    0x2f, 0xff, 0xff, 0xfc, 0x3f, 0xff, 0xff, 0xfc,
    0x3c, 0x0, 0x0, 0x3c, 0x3d, 0xff, 0xff, 0x7c,
    0x1, 0xff, 0xff, 0x40, 0x0, 0x3, 0xc0, 0x0,
    0x3, 0xc3, 0xc0, 0x0, 0x3, 0xc3, 0xff, 0xd0,
    0x7, 0xc3, 0xff, 0xd0, 0xb, 0xf3, 0xc0, 0x0,
    0xf, 0xbf, 0xc0, 0x0, 0x3d, 0x2f, 0xff, 0xfd,
    0x38, 0x2, 0xff, 0xfc, 0x0, 0x0, 0x0, 0x0,

    /* U+5BB6 "家" */
    0x0, 0x1, 0x40, 0x0, 0x5, 0x57, 0xd5, 0x50,
    0x3f, 0xff, 0xff, 0xfc, 0x3d, 0x55, 0x55, 0x7c,
    0x3d, 0xaa, 0xaa, 0x7c, 0x15, 0xff, 0xff, 0x54,
    0x0, 0x6f, 0x40, 0x80, 0x1b, 0xfb, 0x87, 0xe0,
    0x1e, 0x1f, 0xef, 0x40, 0x6, 0xf9, 0xff, 0x40,
    0x2f, 0x87, 0xf3, 0xc0, 0x4, 0x7e, 0xf2, 0xe0,
    0x1f, 0xf4, 0xf0, 0xfc, 0x3e, 0x5f, 0xe0, 0x3c,
    0x0, 0xf, 0x80, 0x0, 0x0, 0x0, 0x0, 0x0,

    /* U+5BFC "导" */
    0xf, 0xff, 0xff, 0xc0, 0xf, 0xaa, 0xab, 0xc0,
    0xf, 0xaa, 0xab, 0xc0, 0xf, 0xff, 0xff, 0xc0,
    0xf, 0x0, 0x0, 0x24, 0xf, 0xea, 0xaa, 0xf8,
    0x2, 0xff, 0xff, 0xe0, 0x0, 0x0, 0xf, 0x0,
    0x3f, 0xff, 0xff, 0xfc, 0x3f, 0xff, 0xff, 0xfc,
    0x2, 0xf0, 0xf, 0x0, 0x0, 0x7c, 0xf, 0x0,
    0x0, 0x12, 0xaf, 0x0, 0x0, 0x2, 0xfd, 0x0,

    /* U+5C5E "属" */
    0xf, 0xff, 0xff, 0xf4, 0x3d, 0x55, 0x57, 0xd0,
    0xfa, 0xaa, 0xaf, 0x43, 0xff, 0xff, 0xfd, 0xf,
    0x5, 0x5a, 0xc0, 0x3c, 0xff, 0xf9, 0x0, 0xf2,
    0xaf, 0xa9, 0x3, 0xce, 0x7d, 0x7c, 0xe, 0x3f,
    0xff, 0xf0, 0x79, 0x57, 0xd5, 0x41, 0xdf, 0xff,
    0xff, 0x8f, 0x3c, 0x2d, 0xce, 0x3c, 0xfb, 0xff,
    0x78, 0x93, 0xc0, 0x7, 0xd0,

    /* U+5CB3 "岳" */
    0x0, 0x1, 0x5b, 0x80, 0x3, 0xff, 0xff, 0x80,
    0x3, 0xd5, 0x40, 0x0, 0x3, 0xc0, 0x0, 0x0,
    0x3, 0xff, 0xff, 0xf4, 0x3, 0xea, 0xaf, 0xa4,
    0x3, 0xc0, 0xf, 0x0, 0x3, 0xc0, 0xf, 0x0,
    0x3f, 0xff, 0xff, 0xfc, 0x2f, 0xab, 0xea, 0xf8,
    0xf, 0x3, 0xc0, 0xb0, 0xf, 0x3, 0xc0, 0xb0,
    0xf, 0x57, 0xd5, 0xf0, 0xf, 0xff, 0xff, 0xf0,
    0x5, 0x55, 0x55, 0xf0,

    /* U+5DF1 "己" */
    0xff, 0xff, 0xfc, 0xf, 0xff, 0xff, 0xc0, 0x0,
    0x0, 0x3c, 0x0, 0x0, 0x3, 0xc0, 0x0, 0x0,
    0x3c, 0xa, 0xaa, 0xab, 0xc0, 0xbf, 0xff, 0xfc,
    0xb, 0x40, 0x3, 0xc0, 0xb4, 0x0, 0x0, 0xb,
    0x40, 0x0, 0x24, 0xb4, 0x0, 0x3, 0xcb, 0x40,
    0x0, 0x7c, 0x7f, 0xff, 0xff, 0x42, 0xff, 0xff,
    0xe0,

    /* U+5E2E "帮" */
    0x0, 0xf0, 0x0, 0x0, 0x2a, 0xfa, 0x7f, 0xfc,
    0x3f, 0xff, 0xbe, 0xfc, 0x1, 0xf0, 0x3c, 0xf0,
    0x2f, 0xff, 0x3c, 0xf0, 0x1, 0xf0, 0x3c, 0x3c,
    0x7f, 0xff, 0xbc, 0x3c, 0x7, 0xe0, 0x3f, 0xfc,
    0x2f, 0xc3, 0xfd, 0x90, 0x1f, 0x3, 0xc0, 0x0,
    0xf, 0xff, 0xff, 0xf0, 0xf, 0xab, 0xea, 0xf0,
    0xf, 0x3, 0xc0, 0xf0, 0xf, 0x3, 0xcf, 0xf0,
    0x6, 0x3, 0xc6, 0x40,

    /* U+5E72 "干" */
    0x1f, 0xff, 0xff, 0xf4, 0x1f, 0xff, 0xff, 0xf4,
    0x0, 0x7, 0xc0, 0x0, 0x0, 0x3, 0xc0, 0x0,
    0x0, 0x3, 0xc0, 0x0, 0x0, 0x3, 0xc0, 0x0,
    0x3f, 0xff, 0xff, 0xfc, 0x3f, 0xff, 0xff, 0xfc,
    0x0, 0x3, 0xc0, 0x0, 0x0, 0x3, 0xc0, 0x0,
    0x0, 0x3, 0xc0, 0x0, 0x0, 0x3, 0xc0, 0x0,
    0x0, 0x3, 0xc0, 0x0, 0x0, 0x3, 0xc0, 0x0,

    /* U+5E74 "年" */
    0x0, 0x50, 0x0, 0x0, 0x1, 0xf0, 0x0, 0x0,
    0x3, 0xff, 0xff, 0xf4, 0x7, 0xff, 0xff, 0xf8,
    0xf, 0x40, 0xf0, 0x0, 0x3e, 0x0, 0xf0, 0x0,
    0xa, 0xff, 0xff, 0xf0, 0x2, 0xfa, 0xfa, 0xa0,
    0x2, 0xd0, 0xf0, 0x0, 0x2, 0xd0, 0xf0, 0x0,
    0x3f, 0xff, 0xff, 0xfd, 0x3f, 0xff, 0xff, 0xfe,
    0x0, 0x0, 0xf0, 0x0, 0x0, 0x0, 0xf0, 0x0,
    0x0, 0x0, 0xf0, 0x0,

    /* U+5EFA "建" */
    0x0, 0x0, 0x38, 0x0, 0x3f, 0xe1, 0x7d, 0x50,
    0x2b, 0xcf, 0xff, 0xf0, 0x3, 0xc5, 0x7d, 0xb4,
    0x7, 0x6f, 0xff, 0xfc, 0xf, 0x5, 0x7d, 0xb4,
    0x1f, 0xef, 0xff, 0xf0, 0x16, 0xd5, 0x7d, 0x50,
    0x2, 0xcb, 0xff, 0xf4, 0x3a, 0xca, 0xbe, 0xa4,
    0x1f, 0x9a, 0xbe, 0xa8, 0xf, 0x6f, 0xff, 0xfc,
    0xf, 0xd0, 0x14, 0x0, 0x3e, 0xff, 0xfa, 0xa8,
    0x34, 0x1b, 0xff, 0xfc, 0x0, 0x0, 0x0, 0x0,

    /* U+5F00 "开" */
    0x2f, 0xff, 0xff, 0xfc, 0x1f, 0xff, 0xff, 0xfc,
    0x0, 0x74, 0xf, 0x0, 0x0, 0x74, 0xf, 0x0,
    0x0, 0x74, 0xf, 0x0, 0x0, 0x74, 0xf, 0x0,
    0x3f, 0xff, 0xff, 0xfd, 0x3f, 0xff, 0xff, 0xfd,
    0x0, 0xf0, 0xf, 0x0, 0x0, 0xf0, 0xf, 0x0,
    0x2, 0xe0, 0xf, 0x0, 0xb, 0xc0, 0xf, 0x0,
    0x2f, 0x40, 0xf, 0x0, 0xc, 0x0, 0xf, 0x0,
    0x0, 0x0, 0x0, 0x0,

    /* U+5F02 "异" */
    0xb, 0xff, 0xff, 0xe0, 0xb, 0xaa, 0xaa, 0xe0,
    0xb, 0x40, 0x1, 0xe0, 0xb, 0xff, 0xff, 0xe0,
    0xb, 0xaa, 0xaa, 0xa0, 0xb, 0x40, 0x0, 0x3c,
    0x7, 0xff, 0xff, 0xfc, 0x0, 0xfa, 0xaf, 0x90,
    0x0, 0xf4, 0xf, 0x40, 0x3f, 0xff, 0xff, 0xfd,
    0x2a, 0xfa, 0xaf, 0xa8, 0x3, 0xd0, 0xb, 0x0,
    0x2f, 0x80, 0xb, 0x0, 0x1d, 0x0, 0xb, 0x0,
    0x0, 0x0, 0x0, 0x0,

    /* U+5F1F "弟" */
    0x0, 0x0, 0x0, 0x0, 0x7, 0x80, 0x3d, 0x0,
    0xf, 0x0, 0xf0, 0x7, 0xff, 0xff, 0xfc, 0xa,
    0xab, 0xea, 0xf0, 0x0, 0xf, 0x3, 0xc0, 0x7f,
    0xff, 0xff, 0x2, 0xfa, 0xfa, 0xa8, 0xf, 0x3,
    0xc0, 0x0, 0x3f, 0xff, 0xff, 0xe1, 0xff, 0xff,
    0xff, 0xc0, 0xf, 0xf0, 0xf, 0x2, 0xfb, 0xc0,
    0xb8, 0xbf, 0x4f, 0x2f, 0xd1, 0x90, 0x3c, 0x69,
    0x0,

    /* U+5F55 "录" */
    0x0, 0x0, 0x0, 0x0, 0xf, 0xff, 0xff, 0xd0,
    0xa, 0xaa, 0xab, 0xd0, 0x1, 0x55, 0x57, 0xd0,
    0x7, 0xff, 0xff, 0xc0, 0x1, 0x55, 0x57, 0xc0,
    0x2a, 0xaa, 0xab, 0xe8, 0x3f, 0xff, 0xff, 0xfc,
    0x6, 0x3, 0xc0, 0xd0, 0xb, 0xe3, 0xf7, 0xe0,
    0x0, 0xe7, 0xff, 0x40, 0x1, 0xff, 0xef, 0x40,
    0x2f, 0xe7, 0xc7, 0xf8, 0x1d, 0x2b, 0xc0, 0xb8,
    0x0, 0x3f, 0x40, 0x0, 0x0, 0x0, 0x0, 0x0,

    /* U+5FD7 "志" */
    0x0, 0x3, 0xc0, 0x0, 0x0, 0x3, 0xc0, 0x0,
    0x2a, 0xab, 0xea, 0xa8, 0x3f, 0xff, 0xff, 0xfc,
    0x0, 0x3, 0xc0, 0x0, 0x0, 0x3, 0xc0, 0x0,
    0xf, 0xff, 0xff, 0xf0, 0xf, 0xff, 0xff, 0xf0,
    0x0, 0xb, 0x40, 0x0, 0x0, 0x57, 0xe0, 0x0,
    0xe, 0xf0, 0xf4, 0xf0, 0x1d, 0xf0, 0x10, 0xf4,
    0x3c, 0xf0, 0x7, 0xbc, 0x38, 0xbe, 0xaf, 0x7c,
    0x0, 0x3f, 0xfe, 0x0,

    /* U+60C5 "情" */
    0xb, 0x0, 0x3c, 0x0, 0xb, 0x1a, 0xbe, 0xa8,
    0xb, 0x2f, 0xff, 0xfc, 0xb, 0xd5, 0x7d, 0x50,
    0x3f, 0xff, 0xff, 0xf4, 0x3f, 0x65, 0x7d, 0x54,
    0x7b, 0x3f, 0xff, 0xfd, 0xbb, 0x5, 0x55, 0x50,
    0xb, 0xf, 0xff, 0xf4, 0xb, 0xf, 0x55, 0xb4,
    0xb, 0xf, 0xff, 0xf4, 0xb, 0xf, 0x55, 0xb4,
    0xb, 0xf, 0xff, 0xf4, 0xb, 0xf, 0x2, 0xf4,
    0xb, 0xf, 0x3, 0xe0,

    /* U+610F "意" */
    0x0, 0x0, 0x0, 0x0, 0x0, 0x3, 0xc0, 0x0,
    0xf, 0xff, 0xff, 0xf0, 0x5, 0xf5, 0x5f, 0x50,
    0x15, 0xf5, 0x5f, 0x54, 0x3f, 0xff, 0xff, 0xfc,
    0x15, 0x55, 0x55, 0x54, 0x3, 0xff, 0xff, 0xc0,
    0x3, 0xd5, 0x57, 0xc0, 0x3, 0xff, 0xff, 0xc0,
    0x3, 0xd5, 0x57, 0xc0, 0x3, 0xff, 0xff, 0xc0,
    0x5, 0x6b, 0xd0, 0x90, 0xf, 0x74, 0x89, 0xf4,
    0x3d, 0x7e, 0xae, 0x3c, 0x14, 0x2f, 0xfd, 0x10,

    /* U+6216 "或" */
    0x0, 0x0, 0x0, 0x0, 0x0, 0x0, 0xb8, 0xd0,
    0x0, 0x0, 0x79, 0xf4, 0x2a, 0xaa, 0xfe, 0xb8,
    0x3f, 0xff, 0xff, 0xfc, 0x15, 0x55, 0xbd, 0x54,
    0xa, 0xa9, 0x3c, 0x60, 0x1f, 0xfe, 0x3c, 0xb4,
    0x1d, 0x1e, 0x3c, 0xf0, 0x1d, 0xe, 0x3e, 0xe0,
    0x1f, 0xfe, 0x2f, 0xc0, 0xa, 0xa9, 0x1f, 0x40,
    0x0, 0x6b, 0x2f, 0xd, 0x3f, 0xff, 0xff, 0x9d,
    0x3e, 0x43, 0xf3, 0xfc, 0x0, 0x2, 0x81, 0xf4,
    0x0, 0x0, 0x0, 0x0,

    /* U+6240 "所" */
    0x0, 0x0, 0x0, 0x10, 0x6, 0xfc, 0x1b, 0xf4,
    0x3f, 0xf8, 0xff, 0xe4, 0x3c, 0x0, 0xf4, 0x0,
    0x3e, 0xa8, 0xf0, 0x0, 0x3f, 0xfc, 0xf5, 0x54,
    0x3c, 0x3c, 0xff, 0xfc, 0x3c, 0x3c, 0xfa, 0xf8,
    0x3f, 0xfc, 0xf0, 0xf0, 0x3f, 0xa8, 0xf0, 0xf0,
    0x3c, 0x0, 0xe0, 0xf0, 0x3c, 0x2, 0xd0, 0xf0,
    0x78, 0x3, 0xc0, 0xf0, 0xb4, 0xf, 0x80, 0xf0,
    0x70, 0x7, 0x0, 0xf0, 0x0, 0x0, 0x0, 0x0,

    /* U+6253 "打" */
    0x3, 0xc0, 0x0, 0x0, 0x3, 0xc2, 0xaa, 0xa9,
    0x3, 0xc3, 0xff, 0xfe, 0x2b, 0xe9, 0x57, 0xd4,
    0x3f, 0xf8, 0x3, 0xc0, 0x3, 0xc0, 0x3, 0xc0,
    0x3, 0xc0, 0x3, 0xc0, 0x3, 0xfc, 0x3, 0xc0,
    0x3f, 0xfc, 0x3, 0xc0, 0x3f, 0xc0, 0x3, 0xc0,
    0x3, 0xc0, 0x3, 0xc0, 0x3, 0xc0, 0x3, 0xc0,
    0x3, 0xc0, 0x3, 0xc0, 0x2f, 0xc0, 0xbf, 0xc0,
    0x1f, 0x40, 0x7f, 0x40, 0x0, 0x0, 0x0, 0x0,

    /* U+62A4 "护" */
    0x7, 0x80, 0x9, 0x0, 0x1e, 0x0, 0x3c, 0x0,
    0x78, 0x0, 0xf4, 0xb, 0xf8, 0xff, 0xff, 0x7f,
    0xf3, 0xea, 0xbc, 0x1e, 0xf, 0x0, 0xf0, 0x78,
    0x3c, 0x3, 0xc1, 0xf8, 0xff, 0xff, 0x6f, 0xf7,
    0xff, 0xfd, 0xfe, 0x1e, 0x0, 0xf0, 0x78, 0x74,
    0x0, 0x1, 0xe2, 0xd0, 0x0, 0x7, 0x8f, 0x0,
    0x0, 0xbd, 0xb8, 0x0, 0x2, 0xe0, 0xc0, 0x0,
    0x0, 0x0, 0x0, 0x0,

    /* U+62E9 "择" */
    0xb, 0x40, 0x0, 0x0, 0xb, 0x4b, 0xff, 0xf8,
    0xb, 0x47, 0xfa, 0xf4, 0x2f, 0xe0, 0xf6, 0xe0,
    0x7f, 0xf0, 0x3f, 0x80, 0xb, 0x41, 0xbf, 0xe0,
    0xb, 0x5f, 0xe1, 0xfe, 0xb, 0xf9, 0xe, 0x18,
    0x7f, 0xe2, 0xaf, 0xa4, 0x7f, 0x47, 0xff, 0xf8,
    0xb, 0x40, 0xe, 0x0, 0xb, 0x4a, 0xaf, 0xa9,
    0xb, 0x4f, 0xff, 0xfe, 0x3f, 0x0, 0xe, 0x0,
    0x2e, 0x0, 0xe, 0x0,

    /* U+62EC "括" */
    0x7, 0x40, 0x1, 0xb0, 0x7, 0x47, 0xff, 0xf8,
    0x7, 0x43, 0xff, 0x40, 0x2f, 0xe0, 0xe, 0x0,
    0x7f, 0xf0, 0xe, 0x0, 0xb, 0x4b, 0xff, 0xfd,
    0x7, 0x4f, 0xff, 0xfe, 0x7, 0xa0, 0xf, 0x0,
    0x2f, 0xf0, 0xe, 0x0, 0x3f, 0x82, 0xbf, 0xa8,
    0x7, 0x47, 0xff, 0xfc, 0x7, 0x47, 0x80, 0x3c,
    0x7, 0x47, 0x80, 0x3c, 0x2f, 0x7, 0xff, 0xfc,
    0x3e, 0x7, 0xff, 0xfc, 0x0, 0x0, 0x0, 0x0,

    /* U+6301 "持" */
    0x7, 0x40, 0xe, 0x0, 0x7, 0x40, 0xf, 0x0,
    0x7, 0x42, 0xaf, 0xa8, 0x2b, 0x97, 0xff, 0xfc,
    0x3f, 0xe0, 0xf, 0x0, 0x7, 0x4a, 0xaf, 0xa9,
    0x7, 0x4f, 0xff, 0xfe, 0x7, 0xa0, 0x0, 0xf0,
    0x2f, 0xfa, 0xaa, 0xf9, 0x3f, 0x8f, 0xff, 0xfe,
    0x7, 0x41, 0x80, 0xf0, 0x7, 0x42, 0xe0, 0xf0,
    0x7, 0x40, 0xf0, 0xf0, 0x2f, 0x40, 0xa, 0xf0,
    0x2e, 0x0, 0xb, 0xd0, 0x0, 0x0, 0x0, 0x0,

    /* U+63D0 "提" */
    0x7, 0x0, 0x0, 0x0, 0x1, 0xc0, 0xff, 0xff,
    0x0, 0x70, 0x3d, 0x57, 0xc0, 0xbf, 0x8f, 0xff,
    0xf0, 0x3f, 0xf3, 0x80, 0x3c, 0x2, 0xd0, 0xff,
    0xff, 0x0, 0x70, 0x15, 0x55, 0x0, 0x2e, 0xbf,
    0xff, 0xf8, 0x3f, 0xfa, 0xaf, 0xa9, 0xf, 0xd0,
    0xe3, 0x80, 0x0, 0x70, 0x78, 0xff, 0x80, 0x1c,
    0x2f, 0x3e, 0x90, 0x7, 0xf, 0xee, 0x0, 0xb,
    0xcb, 0x5f, 0xea, 0x82, 0xe2, 0x81, 0xbf, 0xe0,
    0x0, 0x0, 0x0, 0x0,

    /* U+64CD "操" */
    0xf, 0x0, 0x0, 0x0, 0xf, 0x3, 0xff, 0xd0,
    0xf, 0x3, 0xd6, 0xd0, 0x6f, 0x83, 0xeb, 0xd0,
    0xbf, 0xc2, 0xaa, 0x80, 0xf, 0x1f, 0xf7, 0xfc,
    0xf, 0x1d, 0xfb, 0x7c, 0xf, 0xdd, 0xfb, 0x7c,
    0xbf, 0xdf, 0xfb, 0xfc, 0xbf, 0x0, 0x2c, 0x0,
    0xf, 0x2f, 0xff, 0xfc, 0xf, 0x1a, 0xff, 0xa8,
    0xf, 0x7, 0xff, 0xd0, 0x2f, 0x7f, 0x6c, 0xfc,
    0x3d, 0x34, 0x2c, 0x18, 0x0, 0x0, 0x0, 0x0,

    /* U+652F "支" */
    0x0, 0x3, 0xc0, 0x0, 0x0, 0x3, 0xc0, 0x0,
    0x2a, 0xab, 0xea, 0xa4, 0x3f, 0xff, 0xff, 0xf8,
    0x0, 0x7, 0xc0, 0x0, 0x0, 0x3, 0xc0, 0x0,
    0xf, 0xff, 0xff, 0xc0, 0xf, 0xff, 0xff, 0xd0,
    0x2, 0xd0, 0x7, 0xc0, 0x0, 0xf0, 0xf, 0x0,
    0x0, 0x7d, 0x7d, 0x0, 0x0, 0x1f, 0xf4, 0x0,
    0x0, 0x7f, 0xfd, 0x0, 0x7f, 0xfd, 0x7f, 0xfc,
    0x3f, 0x80, 0x6, 0xf8, 0x0, 0x0, 0x0, 0x0,

    /* U+6539 "改" */
    0x0, 0x0, 0x28, 0x0, 0x2f, 0xfc, 0x3c, 0x0,
    0x3f, 0xfc, 0x3c, 0x0, 0x0, 0x3c, 0x7f, 0xfd,
    0x0, 0x3c, 0xff, 0xfd, 0x0, 0x3c, 0xf0, 0x74,
    0x3f, 0xff, 0xf4, 0xb0, 0x3f, 0xff, 0xfc, 0xf0,
    0x3c, 0x0, 0x7d, 0xe0, 0x3c, 0x0, 0x1f, 0xd0,
    0x3c, 0x0, 0xf, 0xc0, 0x3d, 0x7c, 0xf, 0xc0,
    0x3f, 0xf8, 0x7f, 0xf0, 0x3f, 0x42, 0xf8, 0xfd,
    0x24, 0x2, 0xe0, 0x2c, 0x0, 0x0, 0x0, 0x0,

    /* U+6548 "效" */
    0x0, 0x40, 0x5, 0x0, 0x1, 0xd0, 0xf, 0x0,
    0x15, 0xe5, 0xe, 0x0, 0x3f, 0xff, 0x9f, 0xfd,
    0x1a, 0x5d, 0x2f, 0xfd, 0xf, 0x1d, 0x3c, 0x38,
    0x2d, 0xf, 0xbc, 0x74, 0x3d, 0x3f, 0xfc, 0xb0,
    0x3f, 0xf4, 0xae, 0xf0, 0x3, 0xf0, 0xf, 0xe0,
    0x1, 0xf4, 0x7, 0xc0, 0x3, 0xfc, 0xb, 0xc0,
    0xf, 0x5e, 0x2f, 0xf0, 0x3e, 0x9, 0xfc, 0xbd,
    0x28, 0x2, 0xe0, 0x2c, 0x0, 0x0, 0x40, 0x0,

    /* U+65B0 "新" */
    0x1, 0x80, 0x0, 0x10, 0x2, 0xd0, 0x6, 0xf8,
    0x3f, 0xff, 0x7f, 0xd0, 0x2e, 0xbe, 0x78, 0x0,
    0xe, 0x2c, 0x38, 0x0, 0x2f, 0xbe, 0x79, 0x54,
    0x7f, 0xff, 0xbf, 0xfd, 0x1, 0xd0, 0x79, 0xf4,
    0x2a, 0xfa, 0x74, 0xf0, 0x3f, 0xff, 0x74, 0xf0,
    0x5, 0xd8, 0x74, 0xf0, 0x2d, 0xde, 0xb0, 0xf0,
    0x75, 0xd7, 0xf0, 0xf0, 0x16, 0xd1, 0xe0, 0xf0,
    0x7, 0xc0, 0x80, 0xf0, 0x0, 0x0, 0x0, 0x0,

    /* U+65C1 "旁" */
    0x0, 0x1, 0x40, 0x0, 0x0, 0x3, 0xc0, 0x0,
    0x3f, 0xff, 0xff, 0xfc, 0x1a, 0xfa, 0xaf, 0xa4,
    0x0, 0xb8, 0x1f, 0x0, 0x3f, 0xff, 0xff, 0xfc,
    0x3e, 0xaa, 0xaa, 0xbc, 0x2c, 0x3, 0xc0, 0x38,
    0x3f, 0xff, 0xff, 0xfc, 0x2a, 0xbe, 0xaa, 0xa8,
    0x0, 0x7d, 0x55, 0x50, 0x0, 0xff, 0xff, 0xe0,
    0x3, 0xf0, 0x2, 0xd0, 0x7f, 0xc0, 0x6b, 0xc0,
    0x3d, 0x0, 0xbf, 0x40, 0x0, 0x0, 0x0, 0x0,

    /* U+65CF "族" */
    0x1, 0x0, 0x10, 0x0, 0xb, 0x80, 0xf0, 0x0,
    0x3, 0xc0, 0xfa, 0xa8, 0x7f, 0xfe, 0xff, 0xfc,
    0x2f, 0xaf, 0xa4, 0x0, 0xf, 0x2, 0x7e, 0xa4,
    0xf, 0xa8, 0xff, 0xf8, 0xf, 0xfa, 0xdb, 0x0,
    0xe, 0x38, 0x4b, 0x0, 0xe, 0x3a, 0xff, 0xfc,
    0x1d, 0x39, 0xaf, 0xe8, 0x2c, 0x38, 0x1f, 0xc0,
    0x3c, 0x74, 0x3e, 0xe0, 0x7a, 0xf5, 0xf4, 0xbc,
    0x32, 0xe2, 0xd0, 0x2c, 0x0, 0x0, 0x0, 0x0,

    /* U+65E0 "无" */
    0xf, 0xff, 0xff, 0xf4, 0xf, 0xff, 0xff, 0xf8,
    0x0, 0x3, 0xc0, 0x0, 0x0, 0x3, 0x80, 0x0,
    0x0, 0x7, 0x80, 0x0, 0x3f, 0xff, 0xff, 0xfd,
    0x3f, 0xff, 0xff, 0xfd, 0x0, 0xf, 0xf0, 0x0,
    0x0, 0x1f, 0xf0, 0x0, 0x0, 0x3d, 0xf0, 0x0,
    0x0, 0xbc, 0xf0, 0x1d, 0x3, 0xf0, 0xf0, 0x1d,
    0x2f, 0xc0, 0xbf, 0xfc, 0x3e, 0x0, 0x3f, 0xf8,
    0x0, 0x0, 0x0, 0x0,

    /* U+65E5 "日" */
    0xbf, 0xff, 0xfc, 0xbf, 0xff, 0xfc, 0xb0, 0x0,
    0x3c, 0xb0, 0x0, 0x3c, 0xb0, 0x0, 0x3c, 0xb4,
    0x0, 0x3c, 0xbf, 0xff, 0xfc, 0xbf, 0xff, 0xfc,
    0xb0, 0x0, 0x3c, 0xb0, 0x0, 0x3c, 0xb0, 0x0,
    0x3c, 0xbf, 0xff, 0xfc, 0xbf, 0xff, 0xfc, 0xb4,
    0x0, 0x3c,

    /* U+65F6 "时" */
    0x0, 0x0, 0x3, 0xc2, 0xaa, 0x80, 0xf, 0xf,
    0xfe, 0x0, 0x3c, 0x3c, 0x3a, 0xff, 0xfd, 0xf0,
    0xeb, 0xff, 0xf7, 0xc3, 0x80, 0xf, 0xf, 0xae,
    0x10, 0x3c, 0x3f, 0xf9, 0xe0, 0xf0, 0xf0, 0xe3,
    0xd3, 0xc3, 0xc3, 0x83, 0xcf, 0xf, 0xe, 0xa,
    0x3c, 0x3f, 0xf8, 0x0, 0xf0, 0xfa, 0x90, 0x3,
    0xc2, 0x80, 0x3, 0xfe, 0x0, 0x0, 0xb, 0xe0,
    0x0, 0x0, 0x0, 0x0,

    /* U+660E "明" */
    0x0, 0x0, 0x0, 0xf, 0xfe, 0x3f, 0xff, 0xfb,
    0xe3, 0xea, 0xff, 0xe, 0x3c, 0xf, 0xf0, 0xe3,
    0xc0, 0xff, 0xae, 0x3f, 0xff, 0xff, 0xe3, 0xea,
    0xff, 0xe, 0x3c, 0xf, 0xf0, 0xe3, 0xd5, 0xff,
    0xae, 0x3f, 0xff, 0xff, 0xe7, 0x95, 0xff, 0x0,
    0xf0, 0xf, 0x0, 0x1f, 0x0, 0xf0, 0x3, 0xd1,
    0xff, 0x0, 0x28, 0xf, 0xd0, 0x0, 0x0, 0x0,

    /* U+662F "是" */
    0xb, 0xff, 0xff, 0xe0, 0xb, 0x95, 0x56, 0xe0,
    0xb, 0xff, 0xff, 0xe0, 0xb, 0x55, 0x56, 0xe0,
    0xb, 0xff, 0xff, 0xe0, 0x6, 0xaa, 0xaa, 0x90,
    0x2a, 0xaa, 0xaa, 0xa8, 0x3f, 0xff, 0xff, 0xfc,
    0x2, 0x83, 0xc0, 0x0, 0x3, 0xc3, 0xff, 0xf0,
    0x7, 0xd3, 0xea, 0xa0, 0xf, 0xf7, 0xc0, 0x0,
    0x3e, 0x3f, 0xff, 0xfd, 0x38, 0x6, 0xff, 0xfc,
    0x0, 0x0, 0x0, 0x0,

    /* U+66F4 "更" */
    0x3f, 0xff, 0xff, 0xfc, 0x2a, 0xab, 0xea, 0xa8,
    0x0, 0x3, 0xc0, 0x0, 0xb, 0xff, 0xff, 0xf0,
    0xb, 0x97, 0xe5, 0xf0, 0xb, 0x97, 0xe5, 0xf0,
    0xb, 0xff, 0xff, 0xf0, 0xb, 0x3, 0xc0, 0xf0,
    0xb, 0xff, 0xff, 0xf0, 0x7, 0xeb, 0xea, 0xa0,
    0x3, 0xef, 0x40, 0x0, 0x0, 0xff, 0x40, 0x0,
    0x2f, 0xff, 0xff, 0xfd, 0x2e, 0x40, 0x6b, 0xfc,
    0x0, 0x0, 0x0, 0x0,

    /* U+66FE "曾" */
    0x1, 0x40, 0x14, 0x0, 0x3c, 0x3, 0xc0, 0x16,
    0xe5, 0xf9, 0x43, 0xff, 0xff, 0xfc, 0x3e, 0x8f,
    0x27, 0xc3, 0xcd, 0xf7, 0x3c, 0x3d, 0x9f, 0x67,
    0xc3, 0xff, 0xff, 0xfc, 0x0, 0x0, 0x0, 0x0,
    0xff, 0xff, 0xf0, 0xf, 0x0, 0xf, 0x0, 0xff,
    0xff, 0xf0, 0xf, 0x0, 0xf, 0x0, 0xff, 0xff,
    0xf0, 0xf, 0x55, 0x5f, 0x0,

    /* U+6708 "月" */
    0x3, 0xff, 0xff, 0xc0, 0x3f, 0xff, 0xfc, 0x3,
    0xc0, 0x3, 0xc0, 0x3c, 0x0, 0x3c, 0x3, 0xff,
    0xff, 0xc0, 0x3f, 0xff, 0xfc, 0x3, 0xc0, 0x3,
    0xc0, 0x3c, 0x0, 0x3c, 0x7, 0xff, 0xff, 0xc0,
    0xbf, 0xff, 0xfc, 0xf, 0x40, 0x3, 0xc2, 0xf0,
    0x0, 0x3c, 0x7d, 0x0, 0xff, 0xc2, 0x40, 0x7,
    0xf4, 0x0, 0x0, 0x0, 0x0,

    /* U+6709 "有" */
    0x0, 0x9, 0x0, 0x0, 0x0, 0x2e, 0x0, 0x0,
    0x2a, 0xbf, 0xaa, 0xa8, 0x3f, 0xff, 0xff, 0xfc,
    0x0, 0xf4, 0x0, 0x0, 0x2, 0xfa, 0xaa, 0x80,
    0x3, 0xff, 0xff, 0xd0, 0xf, 0xe0, 0x2, 0xd0,
    0x3f, 0xff, 0xff, 0xd0, 0x38, 0xfa, 0xab, 0xd0,
    0x0, 0xe0, 0x2, 0xd0, 0x0, 0xff, 0xff, 0xd0,
    0x0, 0xfa, 0xab, 0xd0, 0x0, 0xe0, 0x2f, 0xd0,
    0x0, 0xe0, 0x2f, 0x80, 0x0, 0x0, 0x0, 0x0,

    /* U+672A "未" */
    0x0, 0x3, 0xc0, 0x0, 0x0, 0x3, 0xc0, 0x0,
    0x0, 0x3, 0xc0, 0x0, 0xf, 0xff, 0xff, 0xf0,
    0xf, 0xff, 0xff, 0xf0, 0x0, 0x3, 0xc0, 0x0,
    0x0, 0x3, 0xc0, 0x0, 0x3f, 0xff, 0xff, 0xfc,
    0x3f, 0xff, 0xff, 0xfc, 0x0, 0x2f, 0xf8, 0x0,
    0x0, 0xbf, 0xfe, 0x0, 0x7, 0xe3, 0xcb, 0xd0,
    0x3f, 0x83, 0xc2, 0xf8, 0x3d, 0x3, 0xc0, 0x7c,
    0x0, 0x3, 0xc0, 0x0,

    /* U+672C "本" */
    0x0, 0x3, 0xc0, 0x0, 0x0, 0x3, 0xc0, 0x0,
    0x0, 0x3, 0xc0, 0x0, 0x0, 0x3, 0xc0, 0x0,
    0x3f, 0xff, 0xff, 0xfc, 0x2a, 0xff, 0xfe, 0xa8,
    0x0, 0xbb, 0xed, 0x0, 0x0, 0xf3, 0xcf, 0x0,
    0x2, 0xe3, 0xcb, 0x80, 0x7, 0xc3, 0xc3, 0xd0,
    0x1f, 0x43, 0xc1, 0xf4, 0x7f, 0xff, 0xff, 0xfc,
    0x39, 0xff, 0xff, 0x64, 0x0, 0x3, 0xc0, 0x0,
    0x0, 0x3, 0xc0, 0x0,

    /* U+67D0 "某" */
    0x1, 0xd0, 0xb, 0x40, 0x16, 0xe5, 0x5f, 0x94,
    0x3f, 0xff, 0xff, 0xfc, 0x2a, 0xfa, 0xaf, 0xa8,
    0x1, 0xfa, 0xaf, 0x40, 0x1, 0xff, 0xff, 0x40,
    0x1, 0xe0, 0xb, 0x40, 0x1, 0xff, 0xff, 0x40,
    0x0, 0xab, 0xea, 0x0, 0x2a, 0xab, 0xea, 0xa8,
    0x3f, 0xff, 0xff, 0xfc, 0x0, 0x7f, 0xfd, 0x0,
    0x7, 0xf3, 0xcf, 0xd0, 0x3f, 0x43, 0xc1, 0xfd,
    0x14, 0x3, 0xc0, 0x14,

    /* U+67E5 "查" */
    0x0, 0x3, 0xc0, 0x0, 0x0, 0x3, 0xc0, 0x0,
    0x3f, 0xff, 0xff, 0xfc, 0x15, 0xbf, 0xfe, 0x54,
    0x1, 0xf7, 0xdf, 0x40, 0xb, 0xd3, 0xc7, 0xe4,
    0x7f, 0x41, 0x41, 0xfc, 0x2a, 0xff, 0xff, 0x94,
    0x2, 0xd0, 0xb, 0x80, 0x2, 0xff, 0xff, 0x80,
    0x2, 0xd0, 0xb, 0x80, 0x2, 0xff, 0xff, 0x80,
    0x1, 0x55, 0x55, 0x40, 0x2a, 0xaa, 0xaa, 0xa8,
    0x3f, 0xff, 0xff, 0xfc,

    /* U+68C0 "检" */
    0x0, 0x0, 0x0, 0x0, 0xb, 0x0, 0x3c, 0x0,
    0xb, 0x0, 0x7d, 0x0, 0xb, 0x0, 0xff, 0x40,
    0x7f, 0xd3, 0xd3, 0xd0, 0xbf, 0xef, 0x41, 0xfc,
    0xf, 0x7f, 0xaa, 0xfd, 0xf, 0xa6, 0xff, 0xc8,
    0x1f, 0xd0, 0x0, 0x0, 0x3f, 0xea, 0x2c, 0x38,
    0x7f, 0xb, 0x1c, 0xb0, 0xbb, 0x7, 0x5c, 0xe0,
    0x1b, 0x3, 0x4a, 0xc0, 0xb, 0x0, 0x3, 0x80,
    0xb, 0x2f, 0xff, 0xfc, 0xb, 0x1a, 0xaa, 0xa8,

    /* U+6BCD "母" */
    0x2, 0xff, 0xff, 0xf0, 0x3, 0xfa, 0xab, 0xe0,
    0x3, 0xc3, 0x41, 0xe0, 0x3, 0xc3, 0xe1, 0xe0,
    0x3, 0xc0, 0xa1, 0xe0, 0x3f, 0xff, 0xff, 0xfc,
    0x3f, 0xff, 0xff, 0xfc, 0xb, 0x4a, 0x1, 0xd0,
    0xb, 0x4b, 0xd2, 0xd0, 0xf, 0x1, 0xd2, 0xd0,
    0xf, 0xff, 0xff, 0xfc, 0xf, 0xff, 0xff, 0xf8,
    0x0, 0x0, 0xaf, 0x80, 0x0, 0x0, 0xfe, 0x0,
    0x0, 0x0, 0x0, 0x0,

    /* U+6BCF "每" */
    0x0, 0x40, 0x0, 0x0, 0x1, 0xf0, 0x0, 0x0,
    0x3, 0xff, 0xff, 0xfc, 0xb, 0xea, 0xaa, 0xa8,
    0x1f, 0x0, 0x0, 0x0, 0x3f, 0xff, 0xff, 0xc0,
    0x16, 0xeb, 0xeb, 0xc0, 0x3, 0xc7, 0xd2, 0xc0,
    0x6b, 0xea, 0xfb, 0xe9, 0x7f, 0xff, 0xff, 0xfd,
    0x7, 0x8b, 0x83, 0xc0, 0x7, 0xeb, 0xfb, 0xe4,
    0xb, 0xff, 0xff, 0xf8, 0x0, 0x0, 0x5b, 0x80,
    0x0, 0x0, 0x7f, 0x0, 0x0, 0x0, 0x0, 0x0,

    /* U+6E05 "清" */
    0x4, 0x0, 0x78, 0x0, 0x2e, 0x2a, 0xfe, 0xa4,
    0x1f, 0xbf, 0xff, 0xf4, 0x2, 0x5, 0xb9, 0x50,
    0x0, 0x2f, 0xff, 0xf0, 0x34, 0x15, 0xb9, 0x54,
    0x7e, 0xbf, 0xff, 0xfc, 0xd, 0x5, 0x55, 0x50,
    0x0, 0x1f, 0xff, 0xf0, 0x2, 0x1e, 0x55, 0xf0,
    0xb, 0x5f, 0xff, 0xf0, 0xf, 0x1e, 0x55, 0xf0,
    0x2d, 0x1f, 0xff, 0xf0, 0x3c, 0x1d, 0x6, 0xf0,
    0x4, 0x1d, 0x7, 0xd0,

    /* U+70B9 "点" */
    0x0, 0x3, 0x80, 0x0, 0x0, 0x3, 0x80, 0x0,
    0x0, 0x3, 0xff, 0xf8, 0x0, 0x3, 0xea, 0xa4,
    0x0, 0x3, 0x80, 0x0, 0xb, 0xff, 0xff, 0xc0,
    0xb, 0xff, 0xff, 0xc0, 0xb, 0x0, 0x3, 0xc0,
    0xb, 0x0, 0x3, 0xc0, 0xb, 0xff, 0xff, 0xc0,
    0xa, 0xaa, 0xaa, 0x80, 0x5, 0x0, 0x10, 0x80,
    0x1f, 0x3c, 0xb1, 0xf0, 0x3d, 0x3c, 0x78, 0xb8,
    0x78, 0x3c, 0x38, 0x3c, 0x0, 0x0, 0x0, 0x0,

    /* U+7236 "父" */
    0x0, 0x10, 0x4, 0x0, 0x0, 0xb8, 0x2f, 0x0,
    0x1, 0xf0, 0xf, 0x80, 0x7, 0xd0, 0x3, 0xe0,
    0x2f, 0x80, 0x0, 0xf8, 0x2e, 0xb0, 0xf, 0xb8,
    0x4, 0xb4, 0x1f, 0x10, 0x0, 0x7c, 0x3d, 0x0,
    0x0, 0x3e, 0x7c, 0x0, 0x0, 0xf, 0xf4, 0x0,
    0x0, 0xb, 0xe0, 0x0, 0x0, 0x2f, 0xfc, 0x0,
    0x2, 0xfd, 0x7f, 0x90, 0x7f, 0xf0, 0xf, 0xfd,
    0x3e, 0x40, 0x1, 0xbc, 0x0, 0x0, 0x0, 0x0,

    /* U+7237 "爷" */
    0x0, 0x10, 0x4, 0x0, 0x1, 0xfc, 0x3f, 0x80,
    0x2f, 0xf0, 0xf, 0xf8, 0x2e, 0xbd, 0x3f, 0x74,
    0x0, 0x1f, 0xf8, 0x0, 0x1, 0xbf, 0xfe, 0x40,
    0x7f, 0xf9, 0x2f, 0xfc, 0x3e, 0x40, 0x1, 0xa8,
    0xb, 0xff, 0xff, 0xc0, 0xb, 0xff, 0xff, 0xc0,
    0x0, 0xf, 0x3, 0xc0, 0x0, 0xf, 0x3, 0xc0,
    0x0, 0xf, 0x3f, 0xc0, 0x0, 0xf, 0x3f, 0x40,
    0x0, 0xf, 0x0, 0x0,

    /* U+7248 "版" */
    0x0, 0xf0, 0x1, 0xa0, 0x2c, 0xf2, 0xff, 0xfc,
    0x2c, 0xf2, 0xe5, 0x40, 0x2c, 0xf2, 0xc0, 0x0,
    0x2e, 0xfa, 0xd5, 0x50, 0x2f, 0xfe, 0xff, 0xf8,
    0x2c, 0x2, 0xf9, 0xb8, 0x2c, 0x2, 0xfc, 0x74,
    0x2f, 0xf2, 0xec, 0xf0, 0x3e, 0xf3, 0xce, 0xf0,
    0x3c, 0x73, 0xcb, 0xd0, 0x3c, 0x77, 0xc7, 0xc0,
    0x38, 0x77, 0x8f, 0xe0, 0xb4, 0x7f, 0xbd, 0xfc,
    0x30, 0x7b, 0x30, 0x24, 0x0, 0x0, 0x0, 0x0,

    /* U+7384 "玄" */
    0x0, 0x6, 0x0, 0x0, 0x0, 0x7, 0xc0, 0x0,
    0x2a, 0xab, 0xea, 0xa8, 0x3f, 0xff, 0xff, 0xfc,
    0x0, 0x2f, 0x0, 0x0, 0x0, 0x7d, 0x1, 0x0,
    0x1, 0xf4, 0xf, 0x80, 0xb, 0xfa, 0xbe, 0x0,
    0xb, 0xff, 0xf8, 0x0, 0x1, 0xb, 0xd1, 0x40,
    0x0, 0x2f, 0x7, 0xc0, 0x1, 0xf8, 0x2, 0xf0,
    0xf, 0xff, 0xff, 0xf8, 0xf, 0xfe, 0xa5, 0x7c,
    0x0, 0x0, 0x0, 0x28, 0x0, 0x0, 0x0, 0x0,

    /* U+7525 "甥" */
    0x0, 0x0, 0x0, 0x0, 0x4f, 0xf, 0xff, 0xe3,
    0xbc, 0x39, 0xe7, 0x8f, 0xf9, 0xfb, 0xee, 0x7f,
    0xfb, 0xff, 0xfa, 0xcf, 0xe, 0x38, 0xe1, 0x3c,
    0x3f, 0xff, 0x8f, 0xfd, 0xaf, 0xa9, 0x3f, 0xf4,
    0x2c, 0x0, 0xf, 0x1f, 0xff, 0xf0, 0x3c, 0x6b,
    0xeb, 0xc1, 0xfe, 0x1e, 0xf, 0x7f, 0xa5, 0xf0,
    0x38, 0x40, 0x7f, 0x2b, 0xd0, 0x0, 0xe0, 0x7f,
    0x0, 0x0, 0x0, 0x0,

    /* U+7537 "男" */
    0xf, 0xff, 0xff, 0xe0, 0x3e, 0xaf, 0xab, 0x80,
    0xf0, 0x3c, 0x1e, 0x3, 0xff, 0xff, 0xf8, 0xf,
    0x57, 0xd6, 0xe0, 0x3e, 0xaf, 0xab, 0x80, 0xff,
    0xff, 0xfe, 0x0, 0x2, 0xd0, 0x0, 0x2a, 0xaf,
    0xea, 0xa0, 0xff, 0xff, 0xff, 0xc0, 0x2, 0xe0,
    0xf, 0x0, 0x7f, 0x0, 0x3c, 0x7f, 0xe0, 0x6b,
    0xd0, 0xe4, 0x1, 0xfe, 0x0, 0x0, 0x0, 0x0,
    0x0,

    /* U+767E "百" */
    0x3f, 0xff, 0xff, 0xfc, 0x3f, 0xff, 0xff, 0xfc,
    0x0, 0x7, 0xc0, 0x0, 0x0, 0x7, 0x80, 0x0,
    0x7, 0xff, 0xff, 0xe0, 0x7, 0xea, 0xab, 0xe0,
    0x7, 0x80, 0x1, 0xe0, 0x7, 0x80, 0x1, 0xe0,
    0x7, 0xff, 0xff, 0xe0, 0x7, 0xea, 0xab, 0xe0,
    0x7, 0x80, 0x1, 0xe0, 0x7, 0x80, 0x1, 0xe0,
    0x7, 0xff, 0xff, 0xe0, 0x7, 0xea, 0xab, 0xe0,

    /* U+7684 "的" */
    0x5, 0x0, 0x50, 0x0, 0x2c, 0x3, 0xc0, 0x0,
    0xf0, 0x1e, 0x0, 0x3f, 0xfc, 0xff, 0xfc, 0xfa,
    0xf7, 0xea, 0xf3, 0xc2, 0xfd, 0x3, 0xcf, 0xb,
    0xa0, 0xf, 0x3e, 0xbc, 0x78, 0x3c, 0xff, 0xf0,
    0xf4, 0xf3, 0xc2, 0xc0, 0xf3, 0xcf, 0xb, 0x2,
    0x8f, 0x3c, 0x2c, 0x0, 0x38, 0xff, 0xf0, 0x1,
    0xe3, 0xea, 0x81, 0xff, 0xa, 0x0, 0x3, 0xf4,
    0x0, 0x0, 0x0, 0x0,

    /* U+76D1 "监" */
    0x0, 0x3c, 0x28, 0x0, 0xe, 0x3c, 0x3c, 0x0,
    0xe, 0x3c, 0x7d, 0x54, 0xe, 0x3c, 0xbf, 0xfc,
    0xe, 0x3c, 0xf5, 0x54, 0xe, 0x3e, 0xe7, 0x80,
    0xe, 0x3e, 0xc2, 0xe0, 0xd, 0x28, 0x0, 0xb0,
    0x0, 0x0, 0x0, 0x0, 0xb, 0xff, 0xff, 0xf0,
    0xb, 0xbe, 0xbe, 0xf0, 0xb, 0x1d, 0x74, 0xf0,
    0xb, 0x1d, 0x74, 0xf0, 0x2f, 0xbf, 0xfe, 0xf8,
    0x7f, 0xff, 0xff, 0xfd,

    /* U+76F4 "直" */
    0x0, 0x2, 0x40, 0x0, 0x15, 0x57, 0xe5, 0x54,
    0x2f, 0xff, 0xff, 0xfc, 0x0, 0x7, 0xc0, 0x0,
    0x3, 0xff, 0xff, 0xd0, 0x3, 0xea, 0xab, 0xd0,
    0x3, 0xea, 0xaa, 0xd0, 0x3, 0xff, 0xff, 0xd0,
    0x3, 0xd5, 0x56, 0xd0, 0x3, 0xff, 0xff, 0xd0,
    0x3, 0xc0, 0x2, 0xd0, 0x3, 0xff, 0xff, 0xd0,
    0x3, 0xd5, 0x56, 0xd0, 0x2b, 0xea, 0xab, 0xf9,
    0x3f, 0xff, 0xff, 0xfe,

    /* U+77E5 "知" */
    0x9, 0x0, 0x0, 0x0, 0x38, 0x0, 0x55, 0x51,
    0xfa, 0x97, 0xff, 0xcf, 0xff, 0x9e, 0x5f, 0x79,
    0xd0, 0x74, 0x3d, 0xc7, 0x41, 0xd0, 0xf1, 0x1d,
    0x7, 0x43, 0xdf, 0xff, 0xed, 0xf, 0x6b, 0xfa,
    0xb4, 0x3c, 0xf, 0x41, 0xd0, 0xf0, 0x3f, 0x47,
    0x43, 0xc1, 0xef, 0x5d, 0xf, 0xf, 0x1f, 0xbf,
    0xfc, 0xf4, 0x25, 0xff, 0xf3, 0x80, 0x7, 0x42,
    0x80, 0x0, 0x0, 0x0,

    /* U+786E "确" */
    0x0, 0x0, 0x50, 0x0, 0x3f, 0xf8, 0xf0, 0x0,
    0x2f, 0xe5, 0xff, 0xe0, 0xb, 0x7, 0xd7, 0xd0,
    0xf, 0xf, 0xeb, 0xe8, 0xe, 0xf, 0xff, 0xfc,
    0x1f, 0xf3, 0xcf, 0x2c, 0x3f, 0xf3, 0xdf, 0x7c,
    0x7d, 0x73, 0xff, 0xfc, 0x3d, 0x73, 0xcb, 0x2c,
    0x1d, 0x73, 0xff, 0xfc, 0xd, 0x77, 0xff, 0xfc,
    0xf, 0xfb, 0x4b, 0x2c, 0xf, 0xaf, 0xb, 0xbc,
    0x8, 0xe, 0x6, 0xb8, 0x0, 0x0, 0x0, 0x0,

    /* U+793A "示" */
    0x6, 0xaa, 0xaa, 0x90, 0xb, 0xff, 0xff, 0xe0,
    0x0, 0x0, 0x0, 0x0, 0x0, 0x0, 0x0, 0x0,
    0x3f, 0xff, 0xff, 0xfc, 0x3f, 0xff, 0xff, 0xfc,
    0x0, 0x3, 0xc0, 0x0, 0x2, 0x43, 0xc1, 0x80,
    0xb, 0xc3, 0xc3, 0xd0, 0xf, 0x43, 0xc1, 0xf0,
    0x3e, 0x3, 0xc0, 0xb8, 0x7c, 0x3, 0xc0, 0x7c,
    0x0, 0xbf, 0xc0, 0x10, 0x0, 0x7f, 0x40, 0x0,
    0x0, 0x0, 0x0, 0x0,

    /* U+7956 "祖" */
    0x2, 0x0, 0x0, 0x0, 0x7, 0xc3, 0xff, 0xf0,
    0x2, 0xc3, 0xff, 0xf0, 0x7f, 0xf7, 0xc0, 0xf0,
    0x7f, 0xf7, 0xc0, 0xf0, 0x0, 0xf3, 0xfa, 0xf0,
    0x3, 0xd3, 0xff, 0xf0, 0xb, 0xd3, 0xc0, 0xf0,
    0x7f, 0xf7, 0xc0, 0xf0, 0xbf, 0xff, 0xff, 0xf0,
    0x13, 0xc3, 0xfa, 0xf0, 0x3, 0xc3, 0xc0, 0xf0,
    0x3, 0xc3, 0xc0, 0xf0, 0x3, 0xcf, 0xff, 0xfd,
    0x3, 0xdf, 0xff, 0xfd,

    /* U+79D2 "秒" */
    0x0, 0x60, 0xe, 0x0, 0x2f, 0xf8, 0xe, 0x0,
    0x3f, 0xd0, 0xe, 0x0, 0x3, 0xc1, 0xde, 0xb0,
    0x3, 0xc2, 0xce, 0x78, 0x7f, 0xff, 0xce, 0x3c,
    0x6f, 0xeb, 0x8e, 0x2d, 0xb, 0xd7, 0x4e, 0x4,
    0xf, 0xf4, 0xe, 0x38, 0x3f, 0xe4, 0xe, 0xb8,
    0x77, 0xc0, 0x1, 0xf0, 0x33, 0xc0, 0xb, 0xd0,
    0x3, 0xc0, 0xbf, 0x40, 0x3, 0xcf, 0xf8, 0x0,
    0x3, 0xca, 0x40, 0x0,

    /* U+7A7A "空" */
    0x0, 0x5, 0x0, 0x0, 0x1, 0xf0, 0x0, 0xaa,
    0xbf, 0xea, 0xaf, 0xff, 0xff, 0xff, 0xf0, 0x0,
    0x0, 0xff, 0x1f, 0xf, 0x8f, 0x6f, 0xd0, 0x7f,
    0x8b, 0xe0, 0x0, 0x7e, 0x2e, 0xaa, 0xaa, 0x40,
    0xff, 0xff, 0xf0, 0x0, 0xf, 0x0, 0x0, 0x0,
    0xf0, 0x0, 0x0, 0xf, 0x0, 0xb, 0xff, 0xff,
    0xfe, 0xff, 0xff, 0xff, 0xf0,

    /* U+7B2C "第" */
    0x2, 0x40, 0x14, 0x0, 0x7, 0xd5, 0x3e, 0x54,
    0xf, 0xff, 0xbf, 0xfd, 0x3d, 0xb4, 0xf2, 0xd0,
    0x28, 0x34, 0xa0, 0xd0, 0xf, 0xff, 0xff, 0xf0,
    0x5, 0x5b, 0xd5, 0xf0, 0x2, 0xab, 0xea, 0xf0,
    0x7, 0xff, 0xff, 0xf0, 0xb, 0x43, 0xc0, 0x0,
    0xf, 0xff, 0xff, 0xf8, 0x6, 0xbf, 0xea, 0xb8,
    0x0, 0xfb, 0xc0, 0xb4, 0x1f, 0xd3, 0xcb, 0xf0,
    0x1d, 0x3, 0xc6, 0x90,

    /* U+7B80 "简" */
    0x1, 0x0, 0x24, 0x0, 0x3e, 0xa5, 0xfa, 0x91,
    0xff, 0xef, 0xff, 0x9f, 0x3c, 0xb8, 0xf0, 0x35,
    0xa0, 0x82, 0x80, 0x2d, 0xbf, 0xff, 0xc1, 0xb9,
    0xaa, 0xaf, 0xf, 0x15, 0x55, 0x2c, 0x3c, 0xbf,
    0xfc, 0xb0, 0xf2, 0xd5, 0xf2, 0xc3, 0xcb, 0xff,
    0xcb, 0xf, 0x2d, 0xf, 0x2c, 0x3c, 0xbf, 0xfc,
    0xb0, 0xf2, 0xc0, 0x6b, 0xc3, 0xc0, 0x0, 0xfe,
    0x0,

    /* U+7B97 "算" */
    0x5, 0x0, 0x24, 0x0, 0xf, 0xa9, 0x7e, 0xa8,
    0x2f, 0xff, 0xff, 0xfc, 0x7c, 0xf2, 0xd3, 0xc0,
    0x17, 0xff, 0xff, 0xe0, 0x7, 0xd5, 0x56, 0xe0,
    0x7, 0xff, 0xff, 0xe0, 0x7, 0xd5, 0x56, 0xe0,
    0x7, 0xd5, 0x56, 0xe0, 0x7, 0xff, 0xff, 0xe0,
    0x0, 0x78, 0x1f, 0x0, 0x2a, 0xbe, 0xaf, 0xa8,
    0x3f, 0xff, 0xff, 0xfc, 0x7, 0xf0, 0xf, 0x0,
    0x1e, 0x40, 0xf, 0x0, 0x0, 0x0, 0x0, 0x0,

    /* U+7C98 "粘" */
    0x3, 0xc0, 0x2c, 0x0, 0x8f, 0x60, 0xb0, 0x3,
    0x7e, 0xc2, 0xc0, 0xe, 0xfe, 0xb, 0xea, 0x3f,
    0xf4, 0x2f, 0xfc, 0x5f, 0x50, 0xb0, 0xb, 0xff,
    0xc2, 0xc0, 0x1b, 0xfa, 0xb, 0x0, 0xf, 0xc3,
    0xff, 0xfc, 0x7f, 0xcf, 0xab, 0xf3, 0xff, 0xf8,
    0x3, 0xee, 0xf5, 0xe0, 0xf, 0xb3, 0xc3, 0x80,
    0x3c, 0x4f, 0xf, 0xff, 0xf0, 0x3c, 0x3e, 0xaf,
    0xc0, 0x0, 0x0, 0x0,

    /* U+7CFB "系" */
    0x0, 0x0, 0x6, 0x80, 0xa, 0xbf, 0xff, 0xe0,
    0xf, 0xff, 0xe5, 0x0, 0x0, 0x3d, 0x9, 0x0,
    0x1, 0xf4, 0x2f, 0x0, 0x7, 0xff, 0xf8, 0x0,
    0x2, 0xaf, 0xd2, 0x0, 0x0, 0xbd, 0x1b, 0xc0,
    0xf, 0xff, 0xff, 0xf0, 0xe, 0xa7, 0xc0, 0x78,
    0x1, 0x83, 0xc6, 0x0, 0x7, 0xd3, 0xcb, 0xd0,
    0x2f, 0x43, 0xc1, 0xf4, 0x2d, 0x3f, 0xc0, 0x74,
    0x0, 0x3f, 0x40, 0x0,

    /* U+7EE7 "继" */
    0x0, 0x0, 0x0, 0x0, 0x3, 0x0, 0x3, 0x80,
    0x7, 0x8b, 0x3, 0x80, 0xf, 0x4b, 0x73, 0xac,
    0xf, 0xb, 0x37, 0xb8, 0x2c, 0xbf, 0x27, 0xb0,
    0x7d, 0xfb, 0x6b, 0xe8, 0x7f, 0xcb, 0xbf, 0xfd,
    0x1b, 0x4b, 0xf, 0xd0, 0x1f, 0x5b, 0x1f, 0xf0,
    0x7f, 0xfb, 0x7b, 0xac, 0x25, 0xb, 0x63, 0x88,
    0x1, 0xab, 0x3, 0x80, 0x7f, 0xfb, 0x0, 0x0,
    0x7f, 0x8b, 0xff, 0xfd, 0x10, 0x6, 0xaa, 0xa9,

    /* U+7F6E "置" */
    0x1f, 0xff, 0xff, 0xf4, 0x1e, 0x3d, 0x78, 0xb4,
    0x1f, 0xff, 0xff, 0xf4, 0x5, 0x57, 0xd5, 0x50,
    0x3f, 0xff, 0xff, 0xf8, 0x15, 0x5b, 0x95, 0x54,
    0x7, 0xff, 0xff, 0xd0, 0x7, 0x95, 0x57, 0xd0,
    0x7, 0xea, 0xab, 0xd0, 0x7, 0xea, 0xab, 0xd0,
    0x7, 0x95, 0x56, 0xd0, 0x7, 0xff, 0xff, 0xd0,
    0x1b, 0x95, 0x57, 0xe4, 0x3f, 0xff, 0xff, 0xfc,

    /* U+8054 "联" */
    0x0, 0x0, 0x0, 0x0, 0x7f, 0xfc, 0xf0, 0xf4,
    0x3e, 0xf8, 0xb4, 0xf0, 0x2c, 0x74, 0x76, 0xe4,
    0x2e, 0xb6, 0xff, 0xfc, 0x2f, 0xf5, 0x5f, 0x54,
    0x2c, 0x74, 0xf, 0x0, 0x2e, 0xb5, 0x5f, 0x54,
    0x2f, 0xf7, 0xff, 0xfd, 0x2c, 0x74, 0x1f, 0x40,
    0x2c, 0x79, 0x2f, 0x80, 0x7f, 0xfd, 0x3f, 0xc0,
    0x3a, 0xb4, 0xf5, 0xf0, 0x0, 0x7b, 0xe0, 0xbd,
    0x0, 0x77, 0x80, 0x18, 0x0, 0x0, 0x0, 0x0,

    /* U+81EA "自" */
    0x0, 0x68, 0x0, 0x0, 0xb8, 0x0, 0xaa, 0xfe,
    0xaa, 0xff, 0xff, 0xff, 0xf0, 0x0, 0xf, 0xf0,
    0x0, 0xf, 0xff, 0xff, 0xff, 0xfe, 0xaa, 0xbf,
    0xf0, 0x0, 0xf, 0xfa, 0xaa, 0xaf, 0xff, 0xff,
    0xff, 0xf0, 0x0, 0xf, 0xf0, 0x0, 0xf, 0xff,
    0xff, 0xff, 0xfa, 0xaa, 0xaf,

    /* U+8205 "舅" */
    0x0, 0x10, 0x0, 0x2, 0xff, 0x7f, 0xfd, 0x3d,
    0x51, 0xab, 0xd3, 0xea, 0x5a, 0xbd, 0x3f, 0xff,
    0xff, 0xd1, 0x55, 0x55, 0x54, 0x2f, 0xff, 0xff,
    0xc2, 0xd5, 0xf5, 0x7c, 0x2f, 0xff, 0xff, 0xc2,
    0xe5, 0xf9, 0x7c, 0x15, 0x5f, 0x55, 0x4b, 0xff,
    0xff, 0xfd, 0x55, 0xbd, 0x57, 0xc6, 0xbf, 0x1,
    0xbc, 0xbe, 0x40, 0x3f, 0x40, 0x0, 0x0, 0x0,

    /* U+82E5 "若" */
    0x0, 0xf0, 0xf, 0x0, 0x2a, 0xfe, 0xbf, 0xa8,
    0x3f, 0xff, 0xff, 0xfc, 0x0, 0xf4, 0xf, 0x0,
    0x0, 0x5b, 0x45, 0x0, 0x0, 0xf, 0x0, 0x0,
    0x3f, 0xff, 0xff, 0xfc, 0x2a, 0xbe, 0xaa, 0xa8,
    0x0, 0xb8, 0x0, 0x0, 0x2, 0xfe, 0xaa, 0xa0,
    0xb, 0xff, 0xff, 0xf0, 0x7f, 0xe0, 0x0, 0xf0,
    0x38, 0xe0, 0x0, 0xf0, 0x0, 0xff, 0xff, 0xf0,
    0x0, 0xfa, 0xaa, 0xf0,

    /* U+8840 "血" */
    0x0, 0x9, 0x0, 0x0, 0x0, 0xf, 0x40, 0x0,
    0x0, 0x1f, 0x0, 0x0, 0xf, 0xff, 0xff, 0xe0,
    0xf, 0xff, 0xff, 0xe0, 0xe, 0x3c, 0xb4, 0xe0,
    0xe, 0x3c, 0x70, 0xe0, 0xe, 0x3c, 0x70, 0xe0,
    0xe, 0x3c, 0x70, 0xe0, 0xe, 0x3c, 0x70, 0xe0,
    0xe, 0x3c, 0x70, 0xe0, 0xe, 0x3c, 0x70, 0xe0,
    0xe, 0x3c, 0xb4, 0xf0, 0xbf, 0xff, 0xff, 0xfc,
    0xbf, 0xff, 0xff, 0xfc,

    /* U+8868 "表" */
    0x0, 0x3, 0xc0, 0x0, 0xa, 0xab, 0xea, 0xa4,
    0x1f, 0xff, 0xff, 0xf4, 0x0, 0x3, 0xc0, 0x0,
    0xb, 0xff, 0xff, 0xf0, 0x5, 0x57, 0xd5, 0x50,
    0x2a, 0xab, 0xea, 0xa8, 0x3f, 0xff, 0xff, 0xfc,
    0x0, 0x7e, 0xf0, 0x10, 0x2, 0xf4, 0xb4, 0xf4,
    0x3f, 0xf0, 0x3f, 0xd0, 0x3e, 0xf0, 0x1f, 0x40,
    0x1, 0xf6, 0xdb, 0xe0, 0x2, 0xff, 0xd1, 0xfd,
    0x2, 0xe4, 0x0, 0x28, 0x0, 0x0, 0x0, 0x0,

    /* U+8BA1 "计" */
    0x6, 0x0, 0xf, 0x0, 0xf, 0x80, 0xf, 0x0,
    0x3, 0xe0, 0xf, 0x0, 0x0, 0xc0, 0xf, 0x0,
    0x0, 0x0, 0xf, 0x0, 0x7f, 0xca, 0xbf, 0xa9,
    0x7f, 0xcf, 0xff, 0xfe, 0x3, 0xc0, 0x1f, 0x0,
    0x3, 0xc0, 0xf, 0x0, 0x3, 0xc0, 0xf, 0x0,
    0x3, 0xc8, 0xf, 0x0, 0x3, 0xfc, 0xf, 0x0,
    0x7, 0xf4, 0xf, 0x0, 0xb, 0x80, 0xf, 0x0,
    0x2, 0x0, 0xf, 0x0,

    /* U+8BB0 "记" */
    0x0, 0x0, 0x0, 0x0, 0xf, 0x2, 0xaa, 0xa8,
    0xb, 0xc3, 0xff, 0xfc, 0x2, 0xd0, 0x0, 0x7c,
    0x0, 0x40, 0x0, 0x3c, 0x2a, 0x80, 0x0, 0x3c,
    0x7f, 0xc0, 0x0, 0x7c, 0x17, 0xc3, 0xff, 0xfc,
    0x3, 0xc3, 0xea, 0xbc, 0x3, 0xc3, 0xc0, 0x0,
    0x3, 0xc3, 0xc0, 0x0, 0x3, 0xfb, 0xc0, 0xe,
    0x3, 0xfb, 0xc0, 0x1e, 0xb, 0xd3, 0xff, 0xfd,
    0x2, 0x1, 0xff, 0xf8, 0x0, 0x0, 0x0, 0x0,

    /* U+8BBE "设" */
    0x0, 0x0, 0x0, 0x0, 0xe, 0x2, 0xff, 0xc0,
    0xf, 0x82, 0xff, 0xc0, 0x3, 0xc3, 0xc3, 0xc0,
    0x0, 0x7, 0xc3, 0xc0, 0x6a, 0x1f, 0x42, 0xfc,
    0xbf, 0xd, 0x0, 0xa8, 0xb, 0xa, 0xaa, 0xa0,
    0xb, 0xf, 0xff, 0xf0, 0xb, 0x7, 0x41, 0xe0,
    0xb, 0x12, 0xd3, 0xc0, 0xb, 0xf0, 0xff, 0x40,
    0xf, 0xd0, 0xff, 0x40, 0x1f, 0x6f, 0xff, 0xf8,
    0x8, 0x2e, 0x41, 0xf8, 0x0, 0x0, 0x0, 0x0,

    /* U+8BE6 "详" */
    0x0, 0x0, 0x40, 0x20, 0xf, 0x2, 0xe0, 0xb4,
    0xb, 0xc0, 0xf0, 0xf0, 0x2, 0xc6, 0xfb, 0xf8,
    0x0, 0xb, 0xff, 0xfc, 0x2a, 0x80, 0xf, 0x0,
    0x3f, 0x80, 0xf, 0x0, 0x17, 0x83, 0xff, 0xf8,
    0x3, 0x82, 0xaf, 0xa4, 0x3, 0x80, 0xf, 0x0,
    0x3, 0x8f, 0xff, 0xfd, 0x3, 0xff, 0xff, 0xfd,
    0x3, 0xf0, 0xf, 0x0, 0xb, 0x80, 0xf, 0x0,
    0x2, 0x0, 0xf, 0x0,

    /* U+8BEF "误" */
    0x0, 0x0, 0x0, 0x0, 0xf, 0x3, 0xff, 0xf8,
    0xb, 0xc3, 0xea, 0xb8, 0x2, 0xc3, 0x80, 0x38,
    0x0, 0x3, 0xea, 0xb8, 0x2a, 0x43, 0xff, 0xf8,
    0x3f, 0x80, 0x0, 0x0, 0x7, 0x8b, 0xff, 0xfc,
    0x3, 0x86, 0xaf, 0xa8, 0x3, 0x80, 0x1e, 0x0,
    0x3, 0x8f, 0xff, 0xfe, 0x3, 0x9a, 0xbf, 0xa9,
    0x7, 0xf0, 0x7f, 0xc0, 0xb, 0xe2, 0xf1, 0xf8,
    0x7, 0xf, 0xc0, 0x7d, 0x0, 0x5, 0x0, 0x4,

    /* U+8BF4 "说" */
    0x0, 0x0, 0x0, 0x40, 0xe, 0x3, 0xc0, 0xf0,
    0xb, 0x82, 0xe2, 0xe0, 0x3, 0xc5, 0xe7, 0xd0,
    0x0, 0xf, 0xff, 0xf4, 0x2a, 0x4f, 0x55, 0xb4,
    0x3f, 0x8f, 0x0, 0x74, 0x7, 0x8f, 0xaa, 0xf4,
    0x3, 0x8f, 0xff, 0xf4, 0x3, 0x80, 0xf3, 0xc0,
    0x3, 0xe9, 0xe3, 0xc0, 0x3, 0xfe, 0xd3, 0xc4,
    0xb, 0xe7, 0xc3, 0xce, 0xf, 0x6f, 0x43, 0xfd,
    0x5, 0x2d, 0x2, 0xfc, 0x0, 0x0, 0x0, 0x0,

    /* U+8D34 "贴" */
    0x0, 0x0, 0xf, 0x0, 0x3f, 0xfc, 0xf, 0x0,
    0x3e, 0xbc, 0xf, 0x0, 0x38, 0x6c, 0xf, 0xa9,
    0x3a, 0xec, 0xf, 0xfd, 0x3a, 0xec, 0xf, 0x0,
    0x3a, 0xec, 0xf, 0x0, 0x3a, 0xec, 0xf, 0x0,
    0x3b, 0xee, 0xff, 0xfc, 0x3b, 0xae, 0xfa, 0xbc,
    0x3b, 0x9e, 0xd0, 0x3c, 0x7, 0xa1, 0xd0, 0x3c,
    0xf, 0xb5, 0xd0, 0x3c, 0x2d, 0x3d, 0xff, 0xfc,
    0x34, 0x19, 0xfa, 0xbc, 0x0, 0x0, 0x0, 0x0,

    /* U+8F88 "辈" */
    0x0, 0x0, 0x0, 0x0, 0x0, 0x2d, 0x78, 0x0,
    0x2f, 0xfd, 0x7f, 0xf8, 0x0, 0x2d, 0x78, 0x0,
    0x1f, 0xfd, 0x7f, 0xf4, 0x0, 0x2d, 0x78, 0x0,
    0x3f, 0xfd, 0x7f, 0xfc, 0x0, 0x3c, 0x0, 0x0,
    0x1a, 0xbe, 0xaa, 0xa8, 0x3f, 0xff, 0xff, 0xfc,
    0x3, 0xd1, 0xd0, 0x0, 0xb, 0xff, 0xff, 0xe0,
    0x2, 0x56, 0xe5, 0x50, 0x2a, 0xab, 0xfa, 0xa9,
    0x3f, 0xff, 0xff, 0xfd, 0x0, 0x1, 0xd0, 0x0,

    /* U+8F93 "输" */
    0x6, 0x0, 0x9, 0x0, 0xb, 0x0, 0x2f, 0x0,
    0x7f, 0xf0, 0xfb, 0xd0, 0x3f, 0xbb, 0xe0, 0xfd,
    0x1e, 0x4f, 0xff, 0xfd, 0x2e, 0xc1, 0xaa, 0xa0,
    0x3a, 0xc6, 0xa8, 0x1c, 0x7f, 0xf7, 0xfd, 0xdc,
    0x3f, 0xe7, 0x6d, 0xdc, 0x2, 0xc7, 0xfd, 0xdc,
    0x7, 0xf7, 0x5d, 0xdc, 0x7f, 0xe7, 0xfd, 0xdc,
    0x26, 0xc7, 0x1d, 0x9c, 0x2, 0xc7, 0x6c, 0xac,
    0x2, 0xc7, 0x78, 0xf8, 0x0, 0x0, 0x0, 0x0,

    /* U+8FD4 "返" */
    0x0, 0x0, 0x0, 0x10, 0x2c, 0xa, 0xbf, 0xf8,
    0x2e, 0xf, 0xff, 0x90, 0xf, 0xf, 0x0, 0x0,
    0x0, 0xf, 0xaa, 0xa4, 0x0, 0xf, 0xff, 0xf4,
    0x7f, 0xf, 0x0, 0xf0, 0xbf, 0xe, 0xf5, 0xe0,
    0xb, 0x1e, 0x3f, 0xc0, 0xb, 0x2d, 0x1f, 0xc0,
    0xb, 0x7c, 0xbf, 0xf0, 0xf, 0xba, 0xf4, 0xf4,
    0x2f, 0xd0, 0x40, 0x10, 0xbe, 0xff, 0xff, 0xfd,
    0x30, 0x1f, 0xff, 0xfc, 0x0, 0x0, 0x0, 0x0,

    /* U+8FD9 "这" */
    0x0, 0x0, 0x10, 0x0, 0x10, 0x0, 0xf0, 0x0,
    0x3d, 0x0, 0xb8, 0x0, 0x1f, 0xbf, 0xff, 0xfc,
    0x9, 0x6a, 0xaf, 0xe8, 0x0, 0x18, 0x7, 0x80,
    0x6a, 0x2f, 0x8f, 0x0, 0x7f, 0x3, 0xfe, 0x0,
    0xb, 0x0, 0xfd, 0x0, 0xb, 0x2, 0xff, 0x80,
    0xb, 0x6f, 0xc3, 0xf0, 0xb, 0x7e, 0x0, 0xf0,
    0x2f, 0xe0, 0x0, 0x0, 0xbe, 0xff, 0xff, 0xfc,
    0x30, 0x1f, 0xff, 0xf8, 0x0, 0x0, 0x0, 0x0,

    /* U+9000 "退" */
    0x0, 0x0, 0x0, 0x0, 0x28, 0xf, 0xff, 0xf0,
    0x3e, 0xf, 0xaa, 0xf0, 0xf, 0x4f, 0x55, 0xf0,
    0x1, 0xf, 0xff, 0xf0, 0x0, 0xf, 0x0, 0xf0,
    0x7f, 0xf, 0xff, 0xf0, 0x7f, 0xf, 0x69, 0xb0,
    0xb, 0xf, 0x3e, 0xf8, 0xb, 0xf, 0xf, 0xc0,
    0xb, 0x1f, 0xb6, 0xf0, 0xb, 0x2f, 0xe0, 0xb4,
    0x1f, 0xd4, 0x0, 0x10, 0x7e, 0xfe, 0xaa, 0xbd,
    0x70, 0x1b, 0xff, 0xfc, 0x0, 0x0, 0x0, 0x0,

    /* U+9009 "选" */
    0x0, 0x0, 0x3c, 0x0, 0x3c, 0xf, 0x3c, 0x0,
    0x3f, 0xf, 0xbe, 0xa0, 0xf, 0x2f, 0xff, 0xf4,
    0x0, 0x3c, 0x3c, 0x0, 0x0, 0x14, 0x3d, 0x0,
    0x6a, 0x3f, 0xff, 0xfc, 0x7f, 0x2, 0xdb, 0x40,
    0xb, 0x3, 0xcb, 0x40, 0xb, 0x7, 0xcb, 0x54,
    0xb, 0x1f, 0x4b, 0x6c, 0xb, 0x7d, 0x7, 0xfc,
    0xf, 0xf4, 0x2, 0xa4, 0x7e, 0xbf, 0xeb, 0xfc,
    0x34, 0x1b, 0xff, 0xfc, 0x0, 0x0, 0x0, 0x0,

    /* U+914D "配" */
    0x7f, 0xff, 0x7f, 0xfc, 0x2b, 0xfa, 0x7f, 0xfc,
    0x3, 0x70, 0x0, 0x3c, 0x3f, 0xfe, 0x0, 0x3c,
    0x3f, 0xfe, 0x0, 0x3c, 0x37, 0x5e, 0x7f, 0xfc,
    0x37, 0x5e, 0x7e, 0xbc, 0x3e, 0x7e, 0x78, 0x28,
    0x38, 0xe, 0x78, 0x0, 0x39, 0x5e, 0x78, 0x0,
    0x3f, 0xfe, 0x78, 0x8, 0x38, 0xe, 0x78, 0x1d,
    0x3f, 0xfe, 0x3f, 0xfc, 0x39, 0x5a, 0x2f, 0xf8,

    /* U+91CD "重" */
    0x0, 0x0, 0x5, 0x80, 0xb, 0xff, 0xff, 0xd0,
    0x6, 0xab, 0xd0, 0x0, 0x2a, 0xab, 0xea, 0xa8,
    0x3f, 0xff, 0xff, 0xfc, 0x1, 0x57, 0xd5, 0x50,
    0xb, 0xff, 0xff, 0xe0, 0xb, 0xab, 0xea, 0xe0,
    0xb, 0x97, 0xd6, 0xe0, 0xb, 0xff, 0xff, 0xe0,
    0x1, 0x57, 0xd5, 0x40, 0xf, 0xff, 0xff, 0xf0,
    0xa, 0xab, 0xea, 0xa0, 0x2a, 0xab, 0xea, 0xa8,
    0x3f, 0xff, 0xff, 0xfd,

    /* U+9519 "错" */
    0x6, 0x0, 0xf0, 0xe0, 0xf, 0x0, 0xf0, 0xe0,
    0x1f, 0xf6, 0xfa, 0xf8, 0x3f, 0xfb, 0xff, 0xfc,
    0x74, 0x0, 0xf0, 0xe0, 0x2f, 0xfa, 0xfa, 0xf9,
    0xb, 0xeb, 0xff, 0xfe, 0x3, 0x80, 0x0, 0x0,
    0x3f, 0xfa, 0xff, 0xf8, 0x3f, 0xf6, 0xe5, 0xb8,
    0x3, 0x82, 0xe5, 0x78, 0x3, 0x82, 0xff, 0xf8,
    0x3, 0xf6, 0xc0, 0x38, 0xb, 0xf6, 0xea, 0xb8,
    0x6, 0x2, 0xff, 0xf8,

    /* U+95ED "闭" */
    0x10, 0x0, 0x0, 0x7, 0xc7, 0xff, 0xff, 0x2e,
    0x6a, 0xaa, 0xf0, 0x80, 0x5, 0xf, 0xf0, 0x0,
    0xf0, 0xff, 0x0, 0xf, 0xf, 0xf3, 0xff, 0xfe,
    0xff, 0x2a, 0xff, 0x9f, 0xf0, 0x1f, 0xf0, 0xff,
    0x7, 0xef, 0xf, 0xf2, 0xf4, 0xf0, 0xff, 0x78,
    0xf, 0xf, 0xf0, 0x1f, 0xf0, 0xff, 0x0, 0xfd,
    0x6f, 0xf0, 0x0, 0x7, 0xd0, 0x0, 0x0, 0x0,

    /* U+964B "陋" */
    0x0, 0x0, 0x0, 0x3, 0xfd, 0x2f, 0xff, 0xcf,
    0xf4, 0x6b, 0xea, 0x39, 0xd4, 0xb, 0x0, 0xe7,
    0x37, 0xff, 0xe3, 0xa8, 0xde, 0x73, 0x8e, 0xa3,
    0x75, 0xce, 0x39, 0xdd, 0xdb, 0x38, 0xe3, 0xb7,
    0xbf, 0xe3, 0x8e, 0xde, 0x4b, 0x8f, 0xfb, 0x74,
    0xe, 0x3a, 0x4d, 0xd0, 0xf8, 0xe0, 0x36, 0x1,
    0x43, 0x80, 0xff, 0xff, 0xce, 0x2, 0xaa, 0xaa,
    0x0,

    /* U+9664 "除" */
    0x0, 0x0, 0x24, 0x3, 0xfe, 0x2, 0xf0, 0xf,
    0xbc, 0x1f, 0xe0, 0x38, 0xd2, 0xf2, 0xf0, 0xe7,
    0x7f, 0x2, 0xf7, 0xac, 0xfe, 0xab, 0xce, 0xb0,
    0xbf, 0xfc, 0x38, 0xd0, 0xf, 0x0, 0xe3, 0xaa,
    0xfe, 0xa7, 0x8f, 0xff, 0xff, 0xdf, 0xf8, 0x43,
    0xc4, 0x3a, 0x87, 0x8f, 0x78, 0xe0, 0x3c, 0x3c,
    0xb7, 0x81, 0xcb, 0xe0, 0xde, 0x0, 0x2f, 0x40,
    0x0, 0x0, 0x0, 0x0,

    /* U+975E "非" */
    0x0, 0x3c, 0x3c, 0x0, 0x0, 0x3c, 0x3c, 0x0,
    0x0, 0x3c, 0x3c, 0x0, 0x3f, 0xfc, 0x3f, 0xfc,
    0x2a, 0xbc, 0x3e, 0xa8, 0x0, 0x3c, 0x3c, 0x0,
    0x2f, 0xfc, 0x3f, 0xf8, 0x3f, 0xfc, 0x3f, 0xf8,
    0x0, 0x3c, 0x3c, 0x0, 0x0, 0x3c, 0x3c, 0x0,
    0x7f, 0xfc, 0x3f, 0xfd, 0x7f, 0xfc, 0x3f, 0xfd,
    0x0, 0x3c, 0x3c, 0x0, 0x0, 0x3c, 0x3c, 0x0,
    0x0, 0x3c, 0x3c, 0x0, 0x0, 0x0, 0x0, 0x0,

    /* U+9988 "馈" */
    0xd, 0x0, 0xd, 0x0, 0xe, 0x1, 0x5e, 0x50,
    0x1e, 0x7, 0xff, 0xf4, 0x2f, 0xfb, 0x5e, 0x74,
    0x3d, 0xf7, 0xff, 0xf4, 0x78, 0xe5, 0x5e, 0x54,
    0xba, 0x4f, 0xff, 0xfe, 0x1b, 0x1, 0x55, 0x54,
    0xb, 0x7, 0xff, 0xf8, 0xb, 0x7, 0x49, 0x78,
    0xb, 0x7, 0x5d, 0x78, 0xb, 0x67, 0x5d, 0x78,
    0xb, 0xf2, 0x7d, 0x64, 0xf, 0x82, 0xf6, 0xf4,
    0x1d, 0xf, 0xd0, 0x7c, 0x0, 0x4, 0x0, 0x0,

    /* U+9AD8 "高" */
    0x0, 0x1, 0x80, 0x0, 0x0, 0x3, 0xd0, 0x0,
    0x3f, 0xff, 0xff, 0xfc, 0x15, 0x55, 0x55, 0x54,
    0x3, 0xff, 0xff, 0xc0, 0x3, 0xd5, 0x57, 0xc0,
    0x3, 0xff, 0xff, 0xc0, 0x1, 0x55, 0x55, 0x40,
    0x2f, 0xff, 0xff, 0xf8, 0x2e, 0xaa, 0xaa, 0xb8,
    0x2c, 0x7f, 0xfd, 0x38, 0x2c, 0xba, 0xbd, 0x38,
    0x2c, 0xb5, 0x6d, 0x38, 0x2c, 0xbf, 0xfe, 0xb8,
    0x2c, 0x60, 0x3, 0xe0,

    /* U+FF01 "！" */
    0x3e, 0x3e, 0x3e, 0x3d, 0x3d, 0x3d, 0x3c, 0x2c,
    0x0, 0x3d, 0x7e, 0x3d, 0x0,

    /* U+FF0C "，" */
    0x1d, 0xf, 0xc2, 0xf0, 0x2c, 0x2e, 0xe, 0x0,
    0x0,

    /* U+FF1A "：" */
    0x24, 0xbc, 0x7c, 0x0, 0x0, 0x0, 0x0, 0x0,
    0x38, 0xbc, 0x7c, 0x0,

    /* U+FF1B "；" */
    0x9, 0xb, 0xc1, 0xf0, 0x0, 0x0, 0x0, 0x0,
    0x0, 0x28, 0x2f, 0x47, 0xe0, 0x34, 0x2c, 0x3d,
    0x5, 0x0,

    /* U+FF1F "？" */
    0x0, 0x0, 0xf, 0xf4, 0x3f, 0xfc, 0x10, 0x3d,
    0x0, 0x3d, 0x0, 0x7c, 0x1, 0xf0, 0x3, 0xd0,
    0x3, 0xc0, 0x0, 0x0, 0x7, 0xc0, 0xb, 0xd0,
    0x7, 0xc0, 0x0, 0x0,

    /* U+FF5E "～" */
    0x1, 0xa4, 0x0, 0x0, 0xf, 0xff, 0x0, 0x14,
    0x3f, 0x5f, 0xd0, 0x7c, 0x2c, 0x2, 0xff, 0xf4,
    0x0, 0x0, 0x7f, 0xd0, 0x0, 0x0, 0x0, 0x0
};


/*---------------------
 *  GLYPH DESCRIPTION
 *--------------------*/

static const lv_font_fmt_txt_glyph_dsc_t glyph_dsc[] = {
    {.bitmap_index = 0, .adv_w = 0, .box_w = 0, .box_h = 0, .ofs_x = 0, .ofs_y = 0} /* id = 0 reserved */,
    {.bitmap_index = 0, .adv_w = 58, .box_w = 0, .box_h = 0, .ofs_x = 0, .ofs_y = 0},
    {.bitmap_index = 0, .adv_w = 95, .box_w = 4, .box_h = 12, .ofs_x = 1, .ofs_y = 0},
    {.bitmap_index = 12, .adv_w = 147, .box_w = 7, .box_h = 6, .ofs_x = 1, .ofs_y = 7},
    {.bitmap_index = 23, .adv_w = 151, .box_w = 9, .box_h = 12, .ofs_x = 0, .ofs_y = 0},
    {.bitmap_index = 50, .adv_w = 151, .box_w = 9, .box_h = 15, .ofs_x = 0, .ofs_y = -2},
    {.bitmap_index = 84, .adv_w = 246, .box_w = 15, .box_h = 12, .ofs_x = 0, .ofs_y = 0},
    {.bitmap_index = 129, .adv_w = 189, .box_w = 12, .box_h = 12, .ofs_x = 0, .ofs_y = 0},
    {.bitmap_index = 165, .adv_w = 83, .box_w = 3, .box_h = 6, .ofs_x = 1, .ofs_y = 7},
    {.bitmap_index = 170, .adv_w = 97, .box_w = 5, .box_h = 18, .ofs_x = 1, .ofs_y = -4},
    {.bitmap_index = 193, .adv_w = 97, .box_w = 5, .box_h = 18, .ofs_x = 0, .ofs_y = -4},
    {.bitmap_index = 216, .adv_w = 130, .box_w = 8, .box_h = 7, .ofs_x = 0, .ofs_y = 6},
    {.bitmap_index = 230, .adv_w = 151, .box_w = 9, .box_h = 9, .ofs_x = 0, .ofs_y = 2},
    {.bitmap_index = 251, .adv_w = 83, .box_w = 5, .box_h = 7, .ofs_x = 0, .ofs_y = -4},
    {.bitmap_index = 260, .adv_w = 95, .box_w = 6, .box_h = 2, .ofs_x = 0, .ofs_y = 4},
    {.bitmap_index = 263, .adv_w = 83, .box_w = 4, .box_h = 4, .ofs_x = 1, .ofs_y = 0},
    {.bitmap_index = 267, .adv_w = 99, .box_w = 6, .box_h = 16, .ofs_x = 0, .ofs_y = -3},
    {.bitmap_index = 291, .adv_w = 151, .box_w = 9, .box_h = 12, .ofs_x = 0, .ofs_y = 0},
    {.bitmap_index = 318, .adv_w = 151, .box_w = 8, .box_h = 12, .ofs_x = 1, .ofs_y = 0},
    {.bitmap_index = 342, .adv_w = 151, .box_w = 9, .box_h = 12, .ofs_x = 0, .ofs_y = 0},
    {.bitmap_index = 369, .adv_w = 151, .box_w = 9, .box_h = 12, .ofs_x = 0, .ofs_y = 0},
    {.bitmap_index = 396, .adv_w = 151, .box_w = 9, .box_h = 12, .ofs_x = 0, .ofs_y = 0},
    {.bitmap_index = 423, .adv_w = 151, .box_w = 9, .box_h = 12, .ofs_x = 0, .ofs_y = 0},
    {.bitmap_index = 450, .adv_w = 151, .box_w = 9, .box_h = 12, .ofs_x = 0, .ofs_y = 0},
    {.bitmap_index = 477, .adv_w = 151, .box_w = 9, .box_h = 12, .ofs_x = 0, .ofs_y = 0},
    {.bitmap_index = 504, .adv_w = 151, .box_w = 9, .box_h = 12, .ofs_x = 0, .ofs_y = 0},
    {.bitmap_index = 531, .adv_w = 151, .box_w = 9, .box_h = 12, .ofs_x = 0, .ofs_y = 0},
    {.bitmap_index = 558, .adv_w = 83, .box_w = 4, .box_h = 9, .ofs_x = 1, .ofs_y = 0},
    {.bitmap_index = 567, .adv_w = 83, .box_w = 5, .box_h = 13, .ofs_x = 0, .ofs_y = -4},
    {.bitmap_index = 584, .adv_w = 151, .box_w = 9, .box_h = 9, .ofs_x = 0, .ofs_y = 1},
    {.bitmap_index = 605, .adv_w = 151, .box_w = 9, .box_h = 6, .ofs_x = 0, .ofs_y = 3},
    {.bitmap_index = 619, .adv_w = 151, .box_w = 9, .box_h = 9, .ofs_x = 0, .ofs_y = 1},
    {.bitmap_index = 640, .adv_w = 132, .box_w = 8, .box_h = 12, .ofs_x = 0, .ofs_y = 0},
    {.bitmap_index = 664, .adv_w = 258, .box_w = 16, .box_h = 15, .ofs_x = 0, .ofs_y = -3},
    {.bitmap_index = 724, .adv_w = 164, .box_w = 12, .box_h = 12, .ofs_x = -1, .ofs_y = 0},
    {.bitmap_index = 760, .adv_w = 174, .box_w = 10, .box_h = 12, .ofs_x = 1, .ofs_y = 0},
    {.bitmap_index = 790, .adv_w = 168, .box_w = 11, .box_h = 12, .ofs_x = 0, .ofs_y = 0},
    {.bitmap_index = 823, .adv_w = 183, .box_w = 10, .box_h = 12, .ofs_x = 1, .ofs_y = 0},
    {.bitmap_index = 853, .adv_w = 157, .box_w = 8, .box_h = 12, .ofs_x = 1, .ofs_y = 0},
    {.bitmap_index = 877, .adv_w = 150, .box_w = 8, .box_h = 12, .ofs_x = 1, .ofs_y = 0},
    {.bitmap_index = 901, .adv_w = 184, .box_w = 11, .box_h = 12, .ofs_x = 0, .ofs_y = 0},
    {.bitmap_index = 934, .adv_w = 194, .box_w = 10, .box_h = 12, .ofs_x = 1, .ofs_y = 0},
    {.bitmap_index = 964, .adv_w = 84, .box_w = 3, .box_h = 12, .ofs_x = 1, .ofs_y = 0},
    {.bitmap_index = 973, .adv_w = 145, .box_w = 8, .box_h = 12, .ofs_x = 0, .ofs_y = 0},
    {.bitmap_index = 997, .adv_w = 176, .box_w = 11, .box_h = 12, .ofs_x = 1, .ofs_y = 0},
    {.bitmap_index = 1030, .adv_w = 148, .box_w = 8, .box_h = 12, .ofs_x = 1, .ofs_y = 0},
    {.bitmap_index = 1054, .adv_w = 219, .box_w = 12, .box_h = 12, .ofs_x = 1, .ofs_y = 0},
    {.bitmap_index = 1090, .adv_w = 192, .box_w = 10, .box_h = 12, .ofs_x = 1, .ofs_y = 0},
    {.bitmap_index = 1120, .adv_w = 197, .box_w = 12, .box_h = 12, .ofs_x = 0, .ofs_y = 0},
    {.bitmap_index = 1156, .adv_w = 171, .box_w = 9, .box_h = 12, .ofs_x = 1, .ofs_y = 0},
    {.bitmap_index = 1183, .adv_w = 197, .box_w = 12, .box_h = 15, .ofs_x = 0, .ofs_y = -3},
    {.bitmap_index = 1228, .adv_w = 175, .box_w = 10, .box_h = 12, .ofs_x = 1, .ofs_y = 0},
    {.bitmap_index = 1258, .adv_w = 160, .box_w = 10, .box_h = 12, .ofs_x = 0, .ofs_y = 0},
    {.bitmap_index = 1288, .adv_w = 160, .box_w = 10, .box_h = 12, .ofs_x = 0, .ofs_y = 0},
    {.bitmap_index = 1318, .adv_w = 191, .box_w = 10, .box_h = 12, .ofs_x = 1, .ofs_y = 0},
    {.bitmap_index = 1348, .adv_w = 158, .box_w = 11, .box_h = 12, .ofs_x = -1, .ofs_y = 0},
    {.bitmap_index = 1381, .adv_w = 234, .box_w = 15, .box_h = 12, .ofs_x = 0, .ofs_y = 0},
    {.bitmap_index = 1426, .adv_w = 161, .box_w = 10, .box_h = 12, .ofs_x = 0, .ofs_y = 0},
    {.bitmap_index = 1456, .adv_w = 149, .box_w = 11, .box_h = 12, .ofs_x = -1, .ofs_y = 0},
    {.bitmap_index = 1489, .adv_w = 157, .box_w = 10, .box_h = 12, .ofs_x = 0, .ofs_y = 0},
    {.bitmap_index = 1519, .adv_w = 97, .box_w = 5, .box_h = 16, .ofs_x = 1, .ofs_y = -3},
    {.bitmap_index = 1539, .adv_w = 99, .box_w = 6, .box_h = 16, .ofs_x = 0, .ofs_y = -3},
    {.bitmap_index = 1563, .adv_w = 97, .box_w = 5, .box_h = 16, .ofs_x = 0, .ofs_y = -3},
    {.bitmap_index = 1583, .adv_w = 151, .box_w = 9, .box_h = 7, .ofs_x = 0, .ofs_y = 5},
    {.bitmap_index = 1599, .adv_w = 145, .box_w = 9, .box_h = 3, .ofs_x = 0, .ofs_y = -3},
    {.bitmap_index = 1606, .adv_w = 160, .box_w = 6, .box_h = 5, .ofs_x = 1, .ofs_y = 10},
    {.bitmap_index = 1614, .adv_w = 151, .box_w = 9, .box_h = 9, .ofs_x = 0, .ofs_y = 0},
    {.bitmap_index = 1635, .adv_w = 165, .box_w = 9, .box_h = 13, .ofs_x = 1, .ofs_y = 0},
    {.bitmap_index = 1665, .adv_w = 135, .box_w = 8, .box_h = 9, .ofs_x = 0, .ofs_y = 0},
    {.bitmap_index = 1683, .adv_w = 165, .box_w = 10, .box_h = 13, .ofs_x = 0, .ofs_y = 0},
    {.bitmap_index = 1716, .adv_w = 149, .box_w = 9, .box_h = 9, .ofs_x = 0, .ofs_y = 0},
    {.bitmap_index = 1737, .adv_w = 95, .box_w = 7, .box_h = 13, .ofs_x = 0, .ofs_y = 0},
    {.bitmap_index = 1760, .adv_w = 153, .box_w = 10, .box_h = 12, .ofs_x = 0, .ofs_y = -3},
    {.bitmap_index = 1790, .adv_w = 164, .box_w = 9, .box_h = 13, .ofs_x = 1, .ofs_y = 0},
    {.bitmap_index = 1820, .adv_w = 78, .box_w = 3, .box_h = 13, .ofs_x = 1, .ofs_y = 0},
    {.bitmap_index = 1830, .adv_w = 78, .box_w = 5, .box_h = 16, .ofs_x = -1, .ofs_y = -3},
    {.bitmap_index = 1850, .adv_w = 155, .box_w = 9, .box_h = 13, .ofs_x = 1, .ofs_y = 0},
    {.bitmap_index = 1880, .adv_w = 81, .box_w = 4, .box_h = 13, .ofs_x = 1, .ofs_y = 0},
    {.bitmap_index = 1893, .adv_w = 247, .box_w = 14, .box_h = 9, .ofs_x = 1, .ofs_y = 0},
    {.bitmap_index = 1925, .adv_w = 164, .box_w = 9, .box_h = 9, .ofs_x = 1, .ofs_y = 0},
    {.bitmap_index = 1946, .adv_w = 160, .box_w = 10, .box_h = 9, .ofs_x = 0, .ofs_y = 0},
    {.bitmap_index = 1969, .adv_w = 165, .box_w = 9, .box_h = 12, .ofs_x = 1, .ofs_y = -3},
    {.bitmap_index = 1996, .adv_w = 165, .box_w = 10, .box_h = 12, .ofs_x = 0, .ofs_y = -3},
    {.bitmap_index = 2026, .adv_w = 112, .box_w = 7, .box_h = 9, .ofs_x = 1, .ofs_y = 0},
    {.bitmap_index = 2042, .adv_w = 127, .box_w = 8, .box_h = 9, .ofs_x = 0, .ofs_y = 0},
    {.bitmap_index = 2060, .adv_w = 108, .box_w = 7, .box_h = 12, .ofs_x = 0, .ofs_y = 0},
    {.bitmap_index = 2081, .adv_w = 163, .box_w = 8, .box_h = 9, .ofs_x = 1, .ofs_y = 0},
    {.bitmap_index = 2099, .adv_w = 147, .box_w = 9, .box_h = 9, .ofs_x = 0, .ofs_y = 0},
    {.bitmap_index = 2120, .adv_w = 221, .box_w = 14, .box_h = 9, .ofs_x = 0, .ofs_y = 0},
    {.bitmap_index = 2152, .adv_w = 144, .box_w = 9, .box_h = 9, .ofs_x = 0, .ofs_y = 0},
    {.bitmap_index = 2173, .adv_w = 147, .box_w = 9, .box_h = 12, .ofs_x = 0, .ofs_y = -3},
    {.bitmap_index = 2200, .adv_w = 131, .box_w = 8, .box_h = 9, .ofs_x = 0, .ofs_y = 0},
    {.bitmap_index = 2218, .adv_w = 97, .box_w = 6, .box_h = 16, .ofs_x = 0, .ofs_y = -3},
    {.bitmap_index = 2242, .adv_w = 76, .box_w = 3, .box_h = 18, .ofs_x = 1, .ofs_y = -4},
    {.bitmap_index = 2256, .adv_w = 97, .box_w = 6, .box_h = 16, .ofs_x = 0, .ofs_y = -3},
    {.bitmap_index = 2280, .adv_w = 151, .box_w = 9, .box_h = 3, .ofs_x = 0, .ofs_y = 4},
    {.bitmap_index = 2287, .adv_w = 256, .box_w = 12, .box_h = 12, .ofs_x = 2, .ofs_y = 0},
    {.bitmap_index = 2323, .adv_w = 256, .box_w = 12, .box_h = 11, .ofs_x = 2, .ofs_y = 1},
    {.bitmap_index = 2356, .adv_w = 232, .box_w = 14, .box_h = 3, .ofs_x = 0, .ofs_y = 3},
    {.bitmap_index = 2367, .adv_w = 256, .box_w = 4, .box_h = 5, .ofs_x = 12, .ofs_y = 9},
    {.bitmap_index = 2372, .adv_w = 256, .box_w = 4, .box_h = 6, .ofs_x = 0, .ofs_y = 8},
    {.bitmap_index = 2378, .adv_w = 256, .box_w = 7, .box_h = 5, .ofs_x = 9, .ofs_y = 9},
    {.bitmap_index = 2387, .adv_w = 256, .box_w = 7, .box_h = 6, .ofs_x = 0, .ofs_y = 8},
    {.bitmap_index = 2398, .adv_w = 256, .box_w = 14, .box_h = 3, .ofs_x = 1, .ofs_y = 5},
    {.bitmap_index = 2409, .adv_w = 256, .box_w = 12, .box_h = 8, .ofs_x = 2, .ofs_y = 2},
    {.bitmap_index = 2433, .adv_w = 256, .box_w = 12, .box_h = 12, .ofs_x = 2, .ofs_y = 0},
    {.bitmap_index = 2469, .adv_w = 256, .box_w = 14, .box_h = 14, .ofs_x = 1, .ofs_y = -1},
    {.bitmap_index = 2518, .adv_w = 256, .box_w = 14, .box_h = 14, .ofs_x = 1, .ofs_y = -1},
    {.bitmap_index = 2567, .adv_w = 256, .box_w = 6, .box_h = 6, .ofs_x = 0, .ofs_y = -2},
    {.bitmap_index = 2576, .adv_w = 256, .box_w = 6, .box_h = 5, .ofs_x = 0, .ofs_y = -1},
    {.bitmap_index = 2584, .adv_w = 256, .box_w = 8, .box_h = 16, .ofs_x = 8, .ofs_y = -2},
    {.bitmap_index = 2616, .adv_w = 256, .box_w = 8, .box_h = 16, .ofs_x = 0, .ofs_y = -2},
    {.bitmap_index = 2648, .adv_w = 256, .box_w = 6, .box_h = 11, .ofs_x = 10, .ofs_y = 3},
    {.bitmap_index = 2665, .adv_w = 256, .box_w = 6, .box_h = 11, .ofs_x = 0, .ofs_y = -1},
    {.bitmap_index = 2682, .adv_w = 256, .box_w = 6, .box_h = 16, .ofs_x = 10, .ofs_y = -1},
    {.bitmap_index = 2706, .adv_w = 256, .box_w = 6, .box_h = 16, .ofs_x = 0, .ofs_y = -2},
    {.bitmap_index = 2730, .adv_w = 256, .box_w = 16, .box_h = 3, .ofs_x = 0, .ofs_y = 5},
    {.bitmap_index = 2742, .adv_w = 256, .box_w = 16, .box_h = 14, .ofs_x = 0, .ofs_y = -1},
    {.bitmap_index = 2798, .adv_w = 256, .box_w = 16, .box_h = 15, .ofs_x = 0, .ofs_y = -2},
    {.bitmap_index = 2858, .adv_w = 256, .box_w = 16, .box_h = 16, .ofs_x = 0, .ofs_y = -2},
    {.bitmap_index = 2922, .adv_w = 256, .box_w = 14, .box_h = 14, .ofs_x = 1, .ofs_y = -1},
    {.bitmap_index = 2971, .adv_w = 256, .box_w = 15, .box_h = 16, .ofs_x = 0, .ofs_y = -2},
    {.bitmap_index = 3031, .adv_w = 256, .box_w = 16, .box_h = 15, .ofs_x = 0, .ofs_y = -1},
    {.bitmap_index = 3091, .adv_w = 256, .box_w = 16, .box_h = 16, .ofs_x = 0, .ofs_y = -2},
    {.bitmap_index = 3155, .adv_w = 256, .box_w = 16, .box_h = 16, .ofs_x = 0, .ofs_y = -2},
    {.bitmap_index = 3219, .adv_w = 256, .box_w = 16, .box_h = 13, .ofs_x = 0, .ofs_y = -1},
    {.bitmap_index = 3271, .adv_w = 256, .box_w = 16, .box_h = 15, .ofs_x = 0, .ofs_y = -2},
    {.bitmap_index = 3331, .adv_w = 256, .box_w = 16, .box_h = 14, .ofs_x = 0, .ofs_y = -1},
    {.bitmap_index = 3387, .adv_w = 256, .box_w = 14, .box_h = 15, .ofs_x = 1, .ofs_y = -1},
    {.bitmap_index = 3440, .adv_w = 256, .box_w = 16, .box_h = 15, .ofs_x = 0, .ofs_y = -1},
    {.bitmap_index = 3500, .adv_w = 256, .box_w = 16, .box_h = 17, .ofs_x = 0, .ofs_y = -2},
    {.bitmap_index = 3568, .adv_w = 256, .box_w = 16, .box_h = 17, .ofs_x = 0, .ofs_y = -2},
    {.bitmap_index = 3636, .adv_w = 256, .box_w = 16, .box_h = 15, .ofs_x = 0, .ofs_y = -1},
    {.bitmap_index = 3696, .adv_w = 256, .box_w = 15, .box_h = 15, .ofs_x = 0, .ofs_y = -1},
    {.bitmap_index = 3753, .adv_w = 256, .box_w = 16, .box_h = 16, .ofs_x = 0, .ofs_y = -2},
    {.bitmap_index = 3817, .adv_w = 256, .box_w = 16, .box_h = 15, .ofs_x = 0, .ofs_y = -1},
    {.bitmap_index = 3877, .adv_w = 256, .box_w = 16, .box_h = 16, .ofs_x = 0, .ofs_y = -2},
    {.bitmap_index = 3941, .adv_w = 256, .box_w = 16, .box_h = 15, .ofs_x = 0, .ofs_y = -1},
    {.bitmap_index = 4001, .adv_w = 256, .box_w = 16, .box_h = 15, .ofs_x = 0, .ofs_y = -2},
    {.bitmap_index = 4061, .adv_w = 256, .box_w = 16, .box_h = 15, .ofs_x = 0, .ofs_y = -2},
    {.bitmap_index = 4121, .adv_w = 256, .box_w = 16, .box_h = 16, .ofs_x = 0, .ofs_y = -2},
    {.bitmap_index = 4185, .adv_w = 256, .box_w = 16, .box_h = 15, .ofs_x = 0, .ofs_y = -2},
    {.bitmap_index = 4245, .adv_w = 256, .box_w = 16, .box_h = 16, .ofs_x = 0, .ofs_y = -2},
    {.bitmap_index = 4309, .adv_w = 256, .box_w = 16, .box_h = 16, .ofs_x = 0, .ofs_y = -2},
    {.bitmap_index = 4373, .adv_w = 256, .box_w = 16, .box_h = 16, .ofs_x = 0, .ofs_y = -2},
    {.bitmap_index = 4437, .adv_w = 256, .box_w = 16, .box_h = 16, .ofs_x = 0, .ofs_y = -2},
    {.bitmap_index = 4501, .adv_w = 256, .box_w = 14, .box_h = 15, .ofs_x = 1, .ofs_y = -1},
    {.bitmap_index = 4554, .adv_w = 256, .box_w = 16, .box_h = 15, .ofs_x = 0, .ofs_y = -1},
    {.bitmap_index = 4614, .adv_w = 256, .box_w = 16, .box_h = 16, .ofs_x = 0, .ofs_y = -2},
    {.bitmap_index = 4678, .adv_w = 256, .box_w = 16, .box_h = 16, .ofs_x = 0, .ofs_y = -2},
    {.bitmap_index = 4742, .adv_w = 256, .box_w = 16, .box_h = 16, .ofs_x = 0, .ofs_y = -2},
    {.bitmap_index = 4806, .adv_w = 256, .box_w = 16, .box_h = 16, .ofs_x = 0, .ofs_y = -2},
    {.bitmap_index = 4870, .adv_w = 256, .box_w = 15, .box_h = 16, .ofs_x = 0, .ofs_y = -2},
    {.bitmap_index = 4930, .adv_w = 256, .box_w = 16, .box_h = 15, .ofs_x = 0, .ofs_y = -1},
    {.bitmap_index = 4990, .adv_w = 256, .box_w = 16, .box_h = 15, .ofs_x = 0, .ofs_y = -1},
    {.bitmap_index = 5050, .adv_w = 256, .box_w = 16, .box_h = 15, .ofs_x = 0, .ofs_y = -1},
    {.bitmap_index = 5110, .adv_w = 256, .box_w = 16, .box_h = 15, .ofs_x = 0, .ofs_y = -1},
    {.bitmap_index = 5170, .adv_w = 256, .box_w = 15, .box_h = 15, .ofs_x = 0, .ofs_y = -2},
    {.bitmap_index = 5227, .adv_w = 256, .box_w = 16, .box_h = 15, .ofs_x = 0, .ofs_y = -2},
    {.bitmap_index = 5287, .adv_w = 256, .box_w = 16, .box_h = 15, .ofs_x = 0, .ofs_y = -2},
    {.bitmap_index = 5347, .adv_w = 256, .box_w = 15, .box_h = 16, .ofs_x = 0, .ofs_y = -2},
    {.bitmap_index = 5407, .adv_w = 256, .box_w = 16, .box_h = 16, .ofs_x = 0, .ofs_y = -2},
    {.bitmap_index = 5471, .adv_w = 256, .box_w = 15, .box_h = 15, .ofs_x = 0, .ofs_y = -2},
    {.bitmap_index = 5528, .adv_w = 256, .box_w = 16, .box_h = 16, .ofs_x = 0, .ofs_y = -2},
    {.bitmap_index = 5592, .adv_w = 256, .box_w = 14, .box_h = 15, .ofs_x = 1, .ofs_y = -2},
    {.bitmap_index = 5645, .adv_w = 256, .box_w = 16, .box_h = 16, .ofs_x = 0, .ofs_y = -2},
    {.bitmap_index = 5709, .adv_w = 256, .box_w = 17, .box_h = 15, .ofs_x = 0, .ofs_y = -1},
    {.bitmap_index = 5773, .adv_w = 256, .box_w = 15, .box_h = 15, .ofs_x = 0, .ofs_y = -1},
    {.bitmap_index = 5830, .adv_w = 256, .box_w = 16, .box_h = 14, .ofs_x = 0, .ofs_y = -1},
    {.bitmap_index = 5886, .adv_w = 256, .box_w = 16, .box_h = 14, .ofs_x = 0, .ofs_y = -1},
    {.bitmap_index = 5942, .adv_w = 256, .box_w = 14, .box_h = 14, .ofs_x = 1, .ofs_y = -1},
    {.bitmap_index = 5991, .adv_w = 256, .box_w = 14, .box_h = 14, .ofs_x = 1, .ofs_y = -1},
    {.bitmap_index = 6040, .adv_w = 256, .box_w = 16, .box_h = 15, .ofs_x = 0, .ofs_y = -1},
    {.bitmap_index = 6100, .adv_w = 256, .box_w = 16, .box_h = 16, .ofs_x = 0, .ofs_y = -2},
    {.bitmap_index = 6164, .adv_w = 256, .box_w = 16, .box_h = 16, .ofs_x = 0, .ofs_y = -1},
    {.bitmap_index = 6228, .adv_w = 256, .box_w = 16, .box_h = 16, .ofs_x = 0, .ofs_y = -2},
    {.bitmap_index = 6292, .adv_w = 256, .box_w = 16, .box_h = 16, .ofs_x = 0, .ofs_y = -2},
    {.bitmap_index = 6356, .adv_w = 256, .box_w = 15, .box_h = 17, .ofs_x = 0, .ofs_y = -2},
    {.bitmap_index = 6420, .adv_w = 256, .box_w = 15, .box_h = 16, .ofs_x = 0, .ofs_y = -1},
    {.bitmap_index = 6480, .adv_w = 256, .box_w = 16, .box_h = 17, .ofs_x = 0, .ofs_y = -2},
    {.bitmap_index = 6548, .adv_w = 256, .box_w = 16, .box_h = 17, .ofs_x = 0, .ofs_y = -2},
    {.bitmap_index = 6616, .adv_w = 256, .box_w = 16, .box_h = 16, .ofs_x = 0, .ofs_y = -2},
    {.bitmap_index = 6680, .adv_w = 256, .box_w = 16, .box_h = 17, .ofs_x = 0, .ofs_y = -2},
    {.bitmap_index = 6748, .adv_w = 256, .box_w = 16, .box_h = 17, .ofs_x = 0, .ofs_y = -2},
    {.bitmap_index = 6816, .adv_w = 256, .box_w = 16, .box_h = 17, .ofs_x = 0, .ofs_y = -2},
    {.bitmap_index = 6884, .adv_w = 256, .box_w = 16, .box_h = 17, .ofs_x = 0, .ofs_y = -2},
    {.bitmap_index = 6952, .adv_w = 256, .box_w = 16, .box_h = 16, .ofs_x = 0, .ofs_y = -1},
    {.bitmap_index = 7016, .adv_w = 256, .box_w = 16, .box_h = 16, .ofs_x = 0, .ofs_y = -2},
    {.bitmap_index = 7080, .adv_w = 256, .box_w = 16, .box_h = 16, .ofs_x = 0, .ofs_y = -1},
    {.bitmap_index = 7144, .adv_w = 256, .box_w = 16, .box_h = 16, .ofs_x = 0, .ofs_y = -1},
    {.bitmap_index = 7208, .adv_w = 256, .box_w = 16, .box_h = 17, .ofs_x = 0, .ofs_y = -2},
    {.bitmap_index = 7276, .adv_w = 256, .box_w = 16, .box_h = 17, .ofs_x = 0, .ofs_y = -2},
    {.bitmap_index = 7344, .adv_w = 256, .box_w = 16, .box_h = 16, .ofs_x = 0, .ofs_y = -2},
    {.bitmap_index = 7408, .adv_w = 256, .box_w = 16, .box_h = 16, .ofs_x = 0, .ofs_y = -2},
    {.bitmap_index = 7472, .adv_w = 256, .box_w = 16, .box_h = 16, .ofs_x = 0, .ofs_y = -2},
    {.bitmap_index = 7536, .adv_w = 256, .box_w = 16, .box_h = 15, .ofs_x = 0, .ofs_y = -1},
    {.bitmap_index = 7596, .adv_w = 256, .box_w = 16, .box_h = 16, .ofs_x = 0, .ofs_y = -2},
    {.bitmap_index = 7660, .adv_w = 256, .box_w = 16, .box_h = 16, .ofs_x = 0, .ofs_y = -2},
    {.bitmap_index = 7724, .adv_w = 256, .box_w = 16, .box_h = 14, .ofs_x = 0, .ofs_y = -1},
    {.bitmap_index = 7780, .adv_w = 256, .box_w = 15, .box_h = 14, .ofs_x = 0, .ofs_y = -1},
    {.bitmap_index = 7833, .adv_w = 256, .box_w = 16, .box_h = 15, .ofs_x = 0, .ofs_y = -1},
    {.bitmap_index = 7893, .adv_w = 256, .box_w = 14, .box_h = 14, .ofs_x = 2, .ofs_y = -1},
    {.bitmap_index = 7942, .adv_w = 256, .box_w = 16, .box_h = 15, .ofs_x = 0, .ofs_y = -1},
    {.bitmap_index = 8002, .adv_w = 256, .box_w = 16, .box_h = 14, .ofs_x = 0, .ofs_y = -1},
    {.bitmap_index = 8058, .adv_w = 256, .box_w = 16, .box_h = 15, .ofs_x = 0, .ofs_y = -1},
    {.bitmap_index = 8118, .adv_w = 256, .box_w = 16, .box_h = 16, .ofs_x = 0, .ofs_y = -2},
    {.bitmap_index = 8182, .adv_w = 256, .box_w = 16, .box_h = 15, .ofs_x = 0, .ofs_y = -2},
    {.bitmap_index = 8242, .adv_w = 256, .box_w = 16, .box_h = 15, .ofs_x = 0, .ofs_y = -2},
    {.bitmap_index = 8302, .adv_w = 256, .box_w = 15, .box_h = 15, .ofs_x = 0, .ofs_y = -1},
    {.bitmap_index = 8359, .adv_w = 256, .box_w = 16, .box_h = 16, .ofs_x = 0, .ofs_y = -2},
    {.bitmap_index = 8423, .adv_w = 256, .box_w = 16, .box_h = 15, .ofs_x = 0, .ofs_y = -1},
    {.bitmap_index = 8483, .adv_w = 256, .box_w = 16, .box_h = 15, .ofs_x = 0, .ofs_y = -1},
    {.bitmap_index = 8543, .adv_w = 256, .box_w = 16, .box_h = 16, .ofs_x = 0, .ofs_y = -1},
    {.bitmap_index = 8607, .adv_w = 256, .box_w = 16, .box_h = 17, .ofs_x = 0, .ofs_y = -2},
    {.bitmap_index = 8675, .adv_w = 256, .box_w = 16, .box_h = 16, .ofs_x = 0, .ofs_y = -2},
    {.bitmap_index = 8739, .adv_w = 256, .box_w = 16, .box_h = 16, .ofs_x = 0, .ofs_y = -2},
    {.bitmap_index = 8803, .adv_w = 256, .box_w = 15, .box_h = 16, .ofs_x = 0, .ofs_y = -2},
    {.bitmap_index = 8863, .adv_w = 256, .box_w = 16, .box_h = 15, .ofs_x = 0, .ofs_y = -1},
    {.bitmap_index = 8923, .adv_w = 256, .box_w = 16, .box_h = 16, .ofs_x = 0, .ofs_y = -2},
    {.bitmap_index = 8987, .adv_w = 256, .box_w = 16, .box_h = 16, .ofs_x = 0, .ofs_y = -2},
    {.bitmap_index = 9051, .adv_w = 256, .box_w = 17, .box_h = 16, .ofs_x = 0, .ofs_y = -2},
    {.bitmap_index = 9119, .adv_w = 256, .box_w = 16, .box_h = 16, .ofs_x = 0, .ofs_y = -2},
    {.bitmap_index = 9183, .adv_w = 256, .box_w = 16, .box_h = 16, .ofs_x = 0, .ofs_y = -2},
    {.bitmap_index = 9247, .adv_w = 256, .box_w = 16, .box_h = 16, .ofs_x = 0, .ofs_y = -2},
    {.bitmap_index = 9311, .adv_w = 256, .box_w = 16, .box_h = 16, .ofs_x = 0, .ofs_y = -2},
    {.bitmap_index = 9375, .adv_w = 256, .box_w = 16, .box_h = 16, .ofs_x = 0, .ofs_y = -2},
    {.bitmap_index = 9439, .adv_w = 256, .box_w = 16, .box_h = 16, .ofs_x = 0, .ofs_y = -2},
    {.bitmap_index = 9503, .adv_w = 256, .box_w = 16, .box_h = 16, .ofs_x = 0, .ofs_y = -2},
    {.bitmap_index = 9567, .adv_w = 256, .box_w = 16, .box_h = 15, .ofs_x = 0, .ofs_y = -2},
    {.bitmap_index = 9627, .adv_w = 256, .box_w = 12, .box_h = 14, .ofs_x = 2, .ofs_y = -1},
    {.bitmap_index = 9669, .adv_w = 256, .box_w = 15, .box_h = 16, .ofs_x = 1, .ofs_y = -2},
    {.bitmap_index = 9729, .adv_w = 256, .box_w = 14, .box_h = 16, .ofs_x = 1, .ofs_y = -2},
    {.bitmap_index = 9785, .adv_w = 256, .box_w = 16, .box_h = 15, .ofs_x = 0, .ofs_y = -2},
    {.bitmap_index = 9845, .adv_w = 256, .box_w = 16, .box_h = 15, .ofs_x = 0, .ofs_y = -2},
    {.bitmap_index = 9905, .adv_w = 256, .box_w = 14, .box_h = 15, .ofs_x = 1, .ofs_y = -1},
    {.bitmap_index = 9958, .adv_w = 256, .box_w = 14, .box_h = 15, .ofs_x = 0, .ofs_y = -2},
    {.bitmap_index = 10011, .adv_w = 256, .box_w = 16, .box_h = 16, .ofs_x = 0, .ofs_y = -2},
    {.bitmap_index = 10075, .adv_w = 256, .box_w = 16, .box_h = 15, .ofs_x = 0, .ofs_y = -1},
    {.bitmap_index = 10135, .adv_w = 256, .box_w = 16, .box_h = 15, .ofs_x = 0, .ofs_y = -1},
    {.bitmap_index = 10195, .adv_w = 256, .box_w = 16, .box_h = 15, .ofs_x = 0, .ofs_y = -1},
    {.bitmap_index = 10255, .adv_w = 256, .box_w = 16, .box_h = 15, .ofs_x = 0, .ofs_y = -1},
    {.bitmap_index = 10315, .adv_w = 256, .box_w = 16, .box_h = 16, .ofs_x = 0, .ofs_y = -1},
    {.bitmap_index = 10379, .adv_w = 256, .box_w = 16, .box_h = 15, .ofs_x = 0, .ofs_y = -2},
    {.bitmap_index = 10439, .adv_w = 256, .box_w = 16, .box_h = 16, .ofs_x = 0, .ofs_y = -2},
    {.bitmap_index = 10503, .adv_w = 256, .box_w = 16, .box_h = 15, .ofs_x = 0, .ofs_y = -1},
    {.bitmap_index = 10563, .adv_w = 256, .box_w = 16, .box_h = 16, .ofs_x = 0, .ofs_y = -2},
    {.bitmap_index = 10627, .adv_w = 256, .box_w = 16, .box_h = 16, .ofs_x = 0, .ofs_y = -2},
    {.bitmap_index = 10691, .adv_w = 256, .box_w = 16, .box_h = 15, .ofs_x = 0, .ofs_y = -1},
    {.bitmap_index = 10751, .adv_w = 256, .box_w = 16, .box_h = 16, .ofs_x = 0, .ofs_y = -2},
    {.bitmap_index = 10815, .adv_w = 256, .box_w = 16, .box_h = 16, .ofs_x = 0, .ofs_y = -2},
    {.bitmap_index = 10879, .adv_w = 256, .box_w = 15, .box_h = 16, .ofs_x = 0, .ofs_y = -2},
    {.bitmap_index = 10939, .adv_w = 256, .box_w = 15, .box_h = 15, .ofs_x = 0, .ofs_y = -2},
    {.bitmap_index = 10996, .adv_w = 256, .box_w = 16, .box_h = 14, .ofs_x = 0, .ofs_y = -1},
    {.bitmap_index = 11052, .adv_w = 256, .box_w = 15, .box_h = 16, .ofs_x = 1, .ofs_y = -2},
    {.bitmap_index = 11112, .adv_w = 256, .box_w = 16, .box_h = 15, .ofs_x = 0, .ofs_y = -1},
    {.bitmap_index = 11172, .adv_w = 256, .box_w = 16, .box_h = 15, .ofs_x = 0, .ofs_y = -1},
    {.bitmap_index = 11232, .adv_w = 256, .box_w = 15, .box_h = 16, .ofs_x = 0, .ofs_y = -2},
    {.bitmap_index = 11292, .adv_w = 256, .box_w = 16, .box_h = 16, .ofs_x = 0, .ofs_y = -2},
    {.bitmap_index = 11356, .adv_w = 256, .box_w = 16, .box_h = 15, .ofs_x = 0, .ofs_y = -2},
    {.bitmap_index = 11416, .adv_w = 256, .box_w = 16, .box_h = 15, .ofs_x = 0, .ofs_y = -1},
    {.bitmap_index = 11476, .adv_w = 256, .box_w = 16, .box_h = 15, .ofs_x = 0, .ofs_y = -1},
    {.bitmap_index = 11536, .adv_w = 256, .box_w = 14, .box_h = 15, .ofs_x = 1, .ofs_y = -1},
    {.bitmap_index = 11589, .adv_w = 256, .box_w = 16, .box_h = 15, .ofs_x = 0, .ofs_y = -1},
    {.bitmap_index = 11649, .adv_w = 256, .box_w = 15, .box_h = 15, .ofs_x = 0, .ofs_y = -1},
    {.bitmap_index = 11706, .adv_w = 256, .box_w = 16, .box_h = 16, .ofs_x = 0, .ofs_y = -2},
    {.bitmap_index = 11770, .adv_w = 256, .box_w = 15, .box_h = 16, .ofs_x = 0, .ofs_y = -2},
    {.bitmap_index = 11830, .adv_w = 256, .box_w = 16, .box_h = 15, .ofs_x = 0, .ofs_y = -1},
    {.bitmap_index = 11890, .adv_w = 256, .box_w = 16, .box_h = 16, .ofs_x = 0, .ofs_y = -1},
    {.bitmap_index = 11954, .adv_w = 256, .box_w = 16, .box_h = 14, .ofs_x = 0, .ofs_y = -1},
    {.bitmap_index = 12010, .adv_w = 256, .box_w = 16, .box_h = 16, .ofs_x = 0, .ofs_y = -2},
    {.bitmap_index = 12074, .adv_w = 256, .box_w = 12, .box_h = 15, .ofs_x = 2, .ofs_y = -1},
    {.bitmap_index = 12119, .adv_w = 256, .box_w = 14, .box_h = 16, .ofs_x = 1, .ofs_y = -2},
    {.bitmap_index = 12175, .adv_w = 256, .box_w = 16, .box_h = 15, .ofs_x = 0, .ofs_y = -1},
    {.bitmap_index = 12235, .adv_w = 256, .box_w = 16, .box_h = 15, .ofs_x = 0, .ofs_y = -1},
    {.bitmap_index = 12295, .adv_w = 256, .box_w = 16, .box_h = 16, .ofs_x = 0, .ofs_y = -2},
    {.bitmap_index = 12359, .adv_w = 256, .box_w = 16, .box_h = 15, .ofs_x = 0, .ofs_y = -1},
    {.bitmap_index = 12419, .adv_w = 256, .box_w = 16, .box_h = 16, .ofs_x = 0, .ofs_y = -2},
    {.bitmap_index = 12483, .adv_w = 256, .box_w = 16, .box_h = 16, .ofs_x = 0, .ofs_y = -2},
    {.bitmap_index = 12547, .adv_w = 256, .box_w = 16, .box_h = 15, .ofs_x = 0, .ofs_y = -1},
    {.bitmap_index = 12607, .adv_w = 256, .box_w = 16, .box_h = 16, .ofs_x = 0, .ofs_y = -2},
    {.bitmap_index = 12671, .adv_w = 256, .box_w = 16, .box_h = 16, .ofs_x = 0, .ofs_y = -2},
    {.bitmap_index = 12735, .adv_w = 256, .box_w = 16, .box_h = 16, .ofs_x = 0, .ofs_y = -2},
    {.bitmap_index = 12799, .adv_w = 256, .box_w = 16, .box_h = 16, .ofs_x = 0, .ofs_y = -1},
    {.bitmap_index = 12863, .adv_w = 256, .box_w = 16, .box_h = 16, .ofs_x = 0, .ofs_y = -2},
    {.bitmap_index = 12927, .adv_w = 256, .box_w = 16, .box_h = 16, .ofs_x = 0, .ofs_y = -2},
    {.bitmap_index = 12991, .adv_w = 256, .box_w = 16, .box_h = 16, .ofs_x = 0, .ofs_y = -2},
    {.bitmap_index = 13055, .adv_w = 256, .box_w = 16, .box_h = 16, .ofs_x = 0, .ofs_y = -2},
    {.bitmap_index = 13119, .adv_w = 256, .box_w = 16, .box_h = 16, .ofs_x = 0, .ofs_y = -2},
    {.bitmap_index = 13183, .adv_w = 256, .box_w = 16, .box_h = 14, .ofs_x = 0, .ofs_y = -1},
    {.bitmap_index = 13239, .adv_w = 256, .box_w = 16, .box_h = 15, .ofs_x = 0, .ofs_y = -1},
    {.bitmap_index = 13299, .adv_w = 256, .box_w = 16, .box_h = 15, .ofs_x = 0, .ofs_y = -1},
    {.bitmap_index = 13359, .adv_w = 256, .box_w = 14, .box_h = 16, .ofs_x = 1, .ofs_y = -2},
    {.bitmap_index = 13415, .adv_w = 256, .box_w = 15, .box_h = 15, .ofs_x = 1, .ofs_y = -1},
    {.bitmap_index = 13472, .adv_w = 256, .box_w = 15, .box_h = 16, .ofs_x = 1, .ofs_y = -2},
    {.bitmap_index = 13532, .adv_w = 256, .box_w = 16, .box_h = 16, .ofs_x = 0, .ofs_y = -2},
    {.bitmap_index = 13596, .adv_w = 256, .box_w = 16, .box_h = 16, .ofs_x = 0, .ofs_y = -2},
    {.bitmap_index = 13660, .adv_w = 256, .box_w = 16, .box_h = 15, .ofs_x = 0, .ofs_y = -1},
    {.bitmap_index = 13720, .adv_w = 256, .box_w = 4, .box_h = 13, .ofs_x = 2, .ofs_y = -1},
    {.bitmap_index = 13733, .adv_w = 256, .box_w = 5, .box_h = 7, .ofs_x = 2, .ofs_y = -3},
    {.bitmap_index = 13742, .adv_w = 256, .box_w = 4, .box_h = 12, .ofs_x = 2, .ofs_y = -1},
    {.bitmap_index = 13754, .adv_w = 256, .box_w = 5, .box_h = 14, .ofs_x = 1, .ofs_y = -3},
    {.bitmap_index = 13772, .adv_w = 256, .box_w = 8, .box_h = 14, .ofs_x = 0, .ofs_y = -1},
    {.bitmap_index = 13800, .adv_w = 256, .box_w = 16, .box_h = 6, .ofs_x = 0, .ofs_y = 3}
};

/*---------------------
 *  CHARACTER MAPPING
 *--------------------*/

static const uint16_t unicode_list_1[] = {
    0x0, 0x20, 0x1f3d, 0x1f41, 0x1f42, 0x1f45, 0x1f46, 0x1f4f,
    0x2171, 0x2189, 0x218d, 0x218e, 0x2f2a, 0x2f2b, 0x2f33, 0x2f34,
    0x2f35, 0x2f36, 0x2f39, 0x2f3a, 0x4d29, 0x4d2c, 0x4d30, 0x4d31,
    0x4d32, 0x4d37, 0x4d53, 0x4d74, 0x4d86, 0x4db5, 0x4db7, 0x4dbd,
    0x4ddb, 0x4de3, 0x4df4, 0x4e0c, 0x4e24, 0x4e58, 0x4e85, 0x4ead,
    0x4f06, 0x4f17, 0x5068, 0x506d, 0x508e, 0x5094, 0x5095, 0x5096,
    0x509c, 0x50a4, 0x5123, 0x5124, 0x512f, 0x5149, 0x515f, 0x5176,
    0x51d2, 0x522e, 0x526a, 0x526c, 0x5299, 0x52af, 0x52f3, 0x52f5,
    0x52f6, 0x52fd, 0x5313, 0x531b, 0x5335, 0x5337, 0x5354, 0x53b5,
    0x540e, 0x5591, 0x5604, 0x5607, 0x572b, 0x5836, 0x583f, 0x5854,
    0x589c, 0x589f, 0x58b0, 0x58c0, 0x58e2, 0x58e4, 0x58f9, 0x58fa,
    0x5911, 0x5913, 0x5924, 0x596f, 0x599f, 0x59a8, 0x59dc, 0x59eb,
    0x5a79, 0x5a81, 0x5a82, 0x5ac0, 0x5ac3, 0x5adf, 0x5b25, 0x5b87,
    0x5bdc, 0x5d1a, 0x5d57, 0x5d9b, 0x5d9d, 0x5e23, 0x5e29, 0x5e2b,
    0x5e48, 0x5e7e, 0x5f00, 0x5fee, 0x6038, 0x613f, 0x6169, 0x617c,
    0x61cd, 0x6212, 0x6215, 0x622a, 0x62f9, 0x63f6, 0x6458, 0x6462,
    0x6471, 0x64d9, 0x64ea, 0x64f8, 0x6509, 0x650e, 0x651f, 0x6537,
    0x6558, 0x661d, 0x6627, 0x6631, 0x6632, 0x6653, 0x6655, 0x66f9,
    0x670e, 0x67e9, 0x6af6, 0x6af8, 0x6d2e, 0x6fe2, 0x715f, 0x7160,
    0x7171, 0x72ad, 0x744e, 0x7460, 0x75a7, 0x75ad, 0x75fa, 0x761d,
    0x770e, 0x7797, 0x7863, 0x787f, 0x78fb, 0x79a3, 0x7a55, 0x7aa9,
    0x7ac0, 0x7bc1, 0x7c24, 0x7e10, 0x7e97, 0x7f7d, 0x8113, 0x812e,
    0x820e, 0x8769, 0x8791, 0x8aca, 0x8ad9, 0x8ae7, 0x8b0f, 0x8b18,
    0x8b1d, 0x8c5d, 0x8eb1, 0x8ebc, 0x8efd, 0x8f02, 0x8f29, 0x8f32,
    0x9076, 0x90f6, 0x9442, 0x9516, 0x9574, 0x958d, 0x9687, 0x98b1,
    0x9a01, 0xfe2a, 0xfe35, 0xfe43, 0xfe44, 0xfe48, 0xfe87
};

/*Collect the unicode lists and glyph_id offsets*/
static const lv_font_fmt_txt_cmap_t cmaps[] =
{
    {
        .range_start = 32, .range_length = 95, .glyph_id_start = 1,
        .unicode_list = NULL, .glyph_id_ofs_list = NULL, .list_length = 0, .type = LV_FONT_FMT_TXT_CMAP_FORMAT0_TINY
    },
    {
        .range_start = 215, .range_length = 65160, .glyph_id_start = 96,
        .unicode_list = unicode_list_1, .glyph_id_ofs_list = NULL, .list_length = 207, .type = LV_FONT_FMT_TXT_CMAP_SPARSE_TINY
    }
};

/*-----------------
 *    KERNING
 *----------------*/


/*Map glyph_ids to kern left classes*/
static const uint8_t kern_left_class_mapping[] =
{
    0, 0, 0, 1, 0, 0, 0, 0,
    1, 2, 0, 0, 0, 3, 4, 3,
    5, 0, 0, 0, 0, 0, 0, 0,
    0, 0, 0, 6, 6, 0, 0, 0,
    0, 0, 7, 8, 9, 10, 11, 12,
    13, 0, 0, 14, 15, 16, 0, 0,
    10, 17, 10, 18, 19, 20, 21, 22,
    23, 24, 25, 26, 2, 27, 0, 0,
    0, 0, 28, 29, 30, 0, 31, 32,
    33, 34, 0, 0, 35, 36, 34, 34,
    29, 29, 37, 38, 39, 40, 37, 41,
    42, 43, 44, 45, 2, 0, 0, 0,
    0, 0, 4, 0, 0, 0, 0, 0,
    0, 0, 0, 0, 0, 0, 0, 0,
    0, 0, 0, 0, 0, 0, 0, 0,
    0, 0, 0, 0, 0, 0, 0, 0,
    0, 0, 0, 0, 0, 0, 0, 0,
    0, 0, 0, 0, 0, 0, 0, 0,
    0, 0, 0, 0, 0, 0, 0, 0,
    0, 0, 0, 0, 0, 0, 0, 0,
    0, 0, 0, 0, 0, 0, 0, 0,
    0, 0, 0, 0, 0, 0, 0, 0,
    0, 0, 0, 0, 0, 0, 0, 0,
    0, 0, 0, 0, 0, 0, 0, 0,
    0, 0, 0, 0, 0, 0, 0, 0,
    0, 0, 0, 0, 0, 0, 0, 0,
    0, 0, 0, 0, 0, 0, 0, 0,
    0, 0, 0, 0, 0, 0, 0, 0,
    0, 0, 0, 0, 0, 0, 0, 0,
    0, 0, 0, 0, 0, 0, 0, 0,
    0, 0, 0, 0, 0, 0, 0, 0,
    0, 0, 0, 0, 0, 0, 0, 0,
    0, 0, 0, 0, 0, 0, 0, 0,
    0, 0, 0, 0, 0, 0, 0, 0,
    0, 0, 0, 0, 0, 0, 0, 0,
    0, 0, 0, 0, 0, 0, 0, 0,
    0, 0, 0, 0, 0, 0, 0, 0,
    0, 0, 0, 0, 0, 0, 0
};

/*Map glyph_ids to kern right classes*/
static const uint8_t kern_right_class_mapping[] =
{
    0, 0, 1, 2, 0, 0, 0, 0,
    2, 0, 3, 4, 0, 5, 6, 7,
    8, 0, 0, 0, 0, 0, 0, 0,
    0, 0, 0, 9, 10, 0, 0, 0,
    11, 0, 12, 0, 13, 0, 0, 0,
    13, 0, 0, 14, 0, 0, 0, 0,
    13, 0, 13, 0, 15, 16, 17, 18,
    19, 20, 21, 22, 0, 23, 3, 0,
    0, 0, 24, 0, 25, 25, 25, 26,
    27, 0, 28, 29, 0, 0, 30, 30,
    25, 30, 25, 30, 31, 32, 33, 34,
    35, 36, 37, 38, 0, 0, 3, 0,
    0, 0, 6, 0, 0, 0, 0, 0,
    0, 0, 0, 0, 0, 0, 0, 0,
    0, 0, 0, 0, 0, 0, 0, 0,
    0, 0, 0, 0, 0, 0, 0, 0,
    0, 0, 0, 0, 0, 0, 0, 0,
    0, 0, 0, 0, 0, 0, 0, 0,
    0, 0, 0, 0, 0, 0, 0, 0,
    0, 0, 0, 0, 0, 0, 0, 0,
    0, 0, 0, 0, 0, 0, 0, 0,
    0, 0, 0, 0, 0, 0, 0, 0,
    0, 0, 0, 0, 0, 0, 0, 0,
    0, 0, 0, 0, 0, 0, 0, 0,
    0, 0, 0, 0, 0, 0, 0, 0,
    0, 0, 0, 0, 0, 0, 0, 0,
    0, 0, 0, 0, 0, 0, 0, 0,
    0, 0, 0, 0, 0, 0, 0, 0,
    0, 0, 0, 0, 0, 0, 0, 0,
    0, 0, 0, 0, 0, 0, 0, 0,
    0, 0, 0, 0, 0, 0, 0, 0,
    0, 0, 0, 0, 0, 0, 0, 0,
    0, 0, 0, 0, 0, 0, 0, 0,
    0, 0, 0, 0, 0, 0, 0, 0,
    0, 0, 0, 0, 0, 0, 0, 0,
    0, 0, 0, 0, 0, 0, 0, 0,
    0, 0, 0, 0, 0, 0, 0, 0,
    0, 0, 0, 0, 0, 0, 0
};

/*Kern values between classes*/
static const int8_t kern_class_values[] =
{
    0, 0, 0, 0, -37, 0, -37, 0,
    0, 0, 0, -20, 0, -31, -3, 0,
    0, 0, 0, -3, 0, 0, 0, 0,
    -6, 0, 0, 0, 0, 0, -6, 0,
    0, 0, 0, 0, 0, 0, 0, 0,
    0, 0, 0, 0, 0, 0, 0, 0,
    0, 0, 0, -6, 0, 0, 0, 0,
    0, 0, 0, 0, 0, 0, 0, 0,
    0, 0, 23, 0, 0, 0, 0, 0,
    0, 0, 0, 0, 0, -35, 0, -47,
    0, 0, 0, 0, 0, 0, 0, 0,
    0, 0, 0, -29, -7, -21, -11, 0,
    -31, 0, 0, 0, -3, 0, 0, 0,
    10, 0, 0, -17, 0, -16, -9, 0,
    -6, 0, 0, 0, 0, 0, 0, 0,
    0, 0, 0, 0, 0, 0, 0, -6,
    -7, -16, 0, -6, -3, -10, -21, -6,
    0, 0, 0, 0, 0, 0, 0, 0,
    0, -7, 0, -4, 0, -5, 0, 0,
    0, 0, 0, 0, 0, 0, 0, 0,
    0, 0, 0, -12, -3, -23, 0, 0,
    0, 0, 0, 0, 0, 0, 0, -8,
    -6, 0, -3, 4, 4, 0, 0, 0,
    -6, 0, 0, 0, 0, 0, 0, 0,
    0, -10, 0, 0, 0, 0, 0, 0,
    0, 0, 0, 0, 0, 0, 0, 0,
    0, 0, -10, 0, 0, 0, 0, 0,
    0, 0, 1, 0, 0, 0, 0, 0,
    0, 0, 0, 0, 0, -20, 0, -25,
    0, 0, 0, 0, 0, 0, -10, -1,
    -3, 0, 0, -20, -4, -5, 0, -1,
    -5, -1, -12, 5, 0, -3, 0, 0,
    0, 0, 5, -5, -1, -4, -2, -2,
    -4, 0, 0, 0, 0, -9, 0, 0,
    0, 0, 0, 0, 0, 0, 0, -5,
    -5, -8, 0, -3, -2, -2, -5, -2,
    0, 0, 0, 0, 0, 0, 0, 0,
    0, -3, 0, -5, -3, -3, -5, 0,
    0, 0, 0, 0, 0, -10, 0, 0,
    0, 0, 0, 0, -10, -3, -8, -4,
    -5, -2, -2, -2, -4, -3, 0, 0,
    0, 0, -6, 0, 0, 0, 0, -10,
    -3, -5, -3, 0, -5, 0, 0, 0,
    0, -8, 0, 0, 0, -4, 0, 0,
    0, -3, 0, -15, 0, -8, 0, -3,
    -1, -7, -6, -6, 0, 0, 0, 0,
    0, 0, 0, 0, 0, 0, 0, 0,
    0, -5, 0, -4, 0, 0, 0, 0,
    0, 0, 0, 0, 0, 0, 0, 0,
    0, 0, 0, 0, 0, 0, 0, 0,
    0, 0, 0, 0, -3, 0, 0, 0,
    0, 0, 0, -8, 0, -3, 0, -12,
    -3, 0, 0, 0, 0, 0, -25, 0,
    -25, -16, 0, 0, 0, -11, -3, -39,
    -7, 0, 0, -1, -1, -8, -3, -9,
    0, -11, -5, 0, -8, 0, 0, -6,
    -7, -3, -5, -9, -7, -10, -7, -13,
    0, 0, 0, -7, 0, 0, 0, 0,
    0, 0, 0, -2, 0, 0, 0, -6,
    0, -5, -2, 0, 0, 0, 0, 0,
    0, 0, 0, 0, 0, 0, 0, 0,
    0, 0, 0, 0, 0, 0, 0, 0,
    0, 0, -8, 0, -8, 0, 0, 0,
    0, 0, 0, -12, 0, 0, 0, 0,
    0, 0, 0, 0, 0, 0, 0, 0,
    0, 0, 0, 0, 0, 0, 0, 0,
    0, 0, 0, 0, 0, -9, 0, -12,
    0, -13, 0, 0, 0, 0, -4, -3,
    -7, 0, -5, -7, -5, -5, -3, 0,
    -7, 0, 0, 0, -4, 0, 0, 0,
    -3, 0, 0, -14, -4, -9, -7, -7,
    -9, -5, 0, -37, 0, -48, 0, -14,
    0, 0, 0, 0, -14, -1, -10, 0,
    -8, -35, -10, -23, -17, 0, -24, 0,
    -23, 0, -4, -5, -2, 0, 0, 0,
    0, -7, -3, -14, -11, 0, -14, 0,
    0, 0, 0, 0, -37, -8, -37, -17,
    0, 0, 0, -14, 0, -41, -3, -5,
    0, 0, 0, -8, -3, -17, 0, -10,
    -6, 0, -6, 0, 0, 0, -3, 0,
    0, 0, 0, -5, 0, -6, 0, 0,
    0, -3, 0, -9, 0, 0, 0, 0,
    0, -2, 0, -4, -4, -5, 0, -2,
    1, -2, -3, -3, 0, -2, -3, 0,
    -2, 0, 0, 0, 0, 0, 0, 0,
    0, -4, 0, -4, 0, 0, 0, -4,
    0, 5, 0, 0, 0, 0, 0, 0,
    0, -5, -5, -6, 0, 0, 0, 0,
    -5, 0, 0, 0, 0, 0, 0, 0,
    0, 0, 0, -8, 0, 0, 0, 0,
    0, -3, 0, 0, 0, 0, -33, -19,
    -33, -22, -6, -6, 0, -12, -8, -36,
    -8, 0, 0, 0, 0, -6, -5, -14,
    0, -19, -21, -4, -19, 0, 0, -13,
    -17, -4, -13, -8, -8, -8, -8, -19,
    0, 0, 0, 0, -7, 0, -7, -6,
    0, 0, 0, -4, 0, -16, -3, 0,
    0, -2, 0, -3, -5, 0, 0, -2,
    0, 0, -3, 0, 0, 0, -2, 0,
    0, 0, 0, -4, 0, 0, 0, 0,
    0, 0, -21, -6, -21, -9, 0, 0,
    0, -5, -3, -19, -3, 0, -3, 3,
    0, 0, 0, -6, 0, -9, -5, 0,
    -6, 0, 0, -6, -5, 0, -9, -3,
    -3, -5, -3, -6, 0, 0, 0, 0,
    -11, -3, -11, -4, 0, 0, 0, 0,
    -1, -15, -1, 0, 0, 0, 0, 0,
    0, -1, 0, -4, 0, 0, -2, 0,
    0, 0, 0, 0, 0, 0, 0, 0,
    0, -3, 0, -3, 0, -3, 0, -10,
    0, 0, 0, 0, 0, -1, -7, -3,
    -5, -6, -3, 0, 0, 0, 0, 0,
    0, -3, -4, -7, 0, 0, 0, 0,
    0, -7, -3, -7, -5, -3, -7, -5,
    0, 0, 0, 0, -31, -21, -31, -15,
    -9, -9, -4, -5, -5, -29, -5, -5,
    -3, 0, 0, 0, 0, -7, 0, -22,
    -15, 0, -17, 0, 0, -12, -15, -13,
    -11, -5, -8, -11, -5, -16, 0, 0,
    0, 0, 0, -8, 0, 0, 0, 0,
    0, -1, -6, -8, -9, 0, -3, -1,
    -1, 0, -5, -4, 0, -4, -5, -6,
    -4, 0, 0, 0, 0, -5, -5, -4,
    -4, -8, -4, 0, 0, 0, 0, 0,
    0, 0, 0, 0, 0, 0, 0, 0,
    0, 0, 0, -21, -6, -13, -6, 0,
    -19, 0, 0, 0, 0, 0, 8, 0,
    19, 0, 0, 0, 0, -6, -3, 0,
    2, 0, 0, 0, 0, -14, 0, 0,
    0, 0, 0, 0, -8, 0, 0, 0,
    0, -8, 0, -7, -2, 0, -8, 0,
    0, 0, 0, 0, 0, 0, 0, 0,
    0, -5, 0, 0, 0, 0, 0, 0,
    0, -6, 0, -4, -3, 1, -3, 0,
    0, 0, -8, 0, 0, 0, 0, -17,
    0, -6, 0, -2, -16, 0, -10, -4,
    0, -1, 0, 0, 0, 0, -1, -7,
    0, -2, -2, -7, -2, -3, 0, 0,
    0, 0, 0, -9, 0, 0, 0, 0,
    0, 0, 0, 0, 0, -6, 0, -5,
    0, 0, -8, 0, 0, -3, -8, 0,
    -3, 0, 0, 0, 0, -3, 0, 1,
    1, 0, 1, 0, 0, 0, 0, -8,
    0, 3, 0, 0, 0, 0, -4, 0,
    0, -6, -6, -8, 0, -7, -3, 0,
    -10, 0, -9, -4, 0, -1, -3, 0,
    0, 0, 0, -3, 0, -1, -1, -4,
    -1, -2, 2, 12, 12, 0, -18, -5,
    -18, -2, 0, 0, 7, 0, 0, 0,
    0, 13, 0, 18, 13, 8, 14, 0,
    12, -6, -3, 0, -4, 0, -3, 0,
    -2, 0, 0, 2, 0, -2, 0, -5,
    0, 0, 2, -8, 0, 0, 0, 10,
    0, 0, -13, 0, 0, 0, 0, -10,
    0, 0, 0, 0, -5, 0, 0, -5,
    -5, 0, 0, 0, 13, 0, 0, 0,
    0, -2, -2, 0, 2, -5, 0, 0,
    0, -8, 0, 0, 0, 0, 0, 0,
    -4, 0, 0, 0, 0, -8, 0, -3,
    0, 0, -7, 0, 0, 0, 0, 0,
    0, 0, 0, 0, 0, 0, 0, 0,
    0, 0, 0, 0, 0, 0, 0, -6,
    2, -21, 2, 0, 2, 2, -8, 0,
    0, 0, 0, -14, 0, 0, 0, 0,
    -5, 0, 0, -3, -7, 0, -3, 0,
    -3, 0, 0, -9, -5, 0, 0, -4,
    0, -4, 0, 0, 0, 0, 0, 0,
    0, 0, 0, 0, 0, 0, 0, 0,
    0, 0, 0, 0, 0, 0, 0, 0,
    0, 0, 0, 0, 0, 0, 3, 0,
    0, 0, 0, 0, 0, 0, 0, 0,
    0, 0, 0, -5, 0, 0, 0, 0,
    0, 0, 0, 0, 0, 0, 0, -6,
    0, -5, 0, 0, -9, 0, 0, 0,
    0, 0, 0, 0, 0, 0, 0, 0,
    0, 0, 0, 0, 0, 0, 0, 0,
    0, 0, -23, -8, -23, -8, 4, 4,
    0, -5, 0, -20, 0, 0, 0, 0,
    0, 0, 0, -3, 2, -8, -3, 0,
    -3, 0, 0, 0, -2, 0, 0, 4,
    3, 0, 4, -2, 0, 0, 0, -10,
    0, 3, 0, 0, 0, 0, -6, 0,
    0, 0, 0, -8, 0, -3, 0, 0,
    -6, 0, 0, 0, 0, 0, 0, 0,
    0, 0, 0, -6, 0, 0, 0, 0,
    0, 0, 0, 0, 0, 0, -2, -10,
    -2, 0, 2, 2, -10, 0, 0, 0,
    0, -5, 0, 0, 0, 0, -2, 0,
    0, -6, -5, 0, -3, 0, 0, 0,
    -3, -6, 0, 0, 0, -4, 0, 0,
    0, 0, 0, -3, -16, -4, -16, -6,
    0, 0, 0, -4, 0, -12, 0, -6,
    0, -3, 0, 0, -5, -3, 0, -6,
    -2, 0, 0, 0, -3, 0, 0, 0,
    0, 0, 0, 0, 0, -8, 0, 0,
    0, -3, -21, 0, -21, -1, 0, 0,
    0, -2, 0, -9, 0, -8, 0, -3,
    0, -5, -8, 0, 0, -3, -2, 0,
    0, 0, -3, 0, 0, 0, 0, 0,
    0, 0, 0, -7, -5, 0, 0, -6,
    4, -5, -4, 0, 0, 4, 0, 0,
    -3, 0, -2, -8, 0, -5, 0, -3,
    -11, 0, 0, -3, -7, 0, 0, 0,
    0, 0, 0, -8, 0, 0, 0, 0,
    -3, 0, 0, 0, 0, 0, -16, 0,
    -16, -2, 0, 0, 0, 0, 0, -12,
    0, -6, 0, -2, 0, -2, -4, 0,
    0, -6, -2, 0, 0, 0, -3, 0,
    0, 0, 0, 0, 0, -5, 0, -8,
    0, 0, 0, 0, 0, -7, 0, 0,
    0, 0, 0, 0, 0, 0, 0, -7,
    0, 0, 0, 0, -6, 0, 0, -5,
    -3, 0, -1, 0, 0, 0, 0, 0,
    -3, -2, 0, 0, -2, 0
};


/*Collect the kern class' data in one place*/
static const lv_font_fmt_txt_kern_classes_t kern_classes =
{
    .class_pair_values   = kern_class_values,
    .left_class_mapping  = kern_left_class_mapping,
    .right_class_mapping = kern_right_class_mapping,
    .left_class_cnt      = 45,
    .right_class_cnt     = 38,
};

/*--------------------
 *  ALL CUSTOM DATA
 *--------------------*/

#if LVGL_VERSION_MAJOR == 8
/*Store all the custom data of the font*/
static  lv_font_fmt_txt_glyph_cache_t cache;
#endif

#if LVGL_VERSION_MAJOR >= 8
static const lv_font_fmt_txt_dsc_t font_dsc = {
#else
static lv_font_fmt_txt_dsc_t font_dsc = {
#endif
    .glyph_bitmap = glyph_bitmap,
    .glyph_dsc = glyph_dsc,
    .cmaps = cmaps,
    .kern_dsc = &kern_classes,
    .kern_scale = 16,
    .cmap_num = 2,
    .bpp = 2,
    .kern_classes = 1,
    .bitmap_format = 0,
#if LVGL_VERSION_MAJOR == 8
    .cache = &cache
#endif
};



/*-----------------
 *  PUBLIC FONT
 *----------------*/

/*Initialize a public general font descriptor*/
#if LVGL_VERSION_MAJOR >= 8
const lv_font_t lv_font_chinese_siyuan_16 = {
#else
lv_font_t lv_font_chinese_siyuan_16 = {
#endif
    .get_glyph_dsc = lv_font_get_glyph_dsc_fmt_txt,    /*Function pointer to get glyph's data*/
    .get_glyph_bitmap = lv_font_get_bitmap_fmt_txt,    /*Function pointer to get glyph's bitmap*/
    .line_height = 19,          /*The maximum line height required by the font*/
    .base_line = 4,             /*Baseline measured from the bottom of the line*/
#if !(LVGL_VERSION_MAJOR == 6 && LVGL_VERSION_MINOR == 0)
    .subpx = LV_FONT_SUBPX_NONE,
#endif
#if LV_VERSION_CHECK(7, 4, 0) || LVGL_VERSION_MAJOR >= 8
    .underline_position = -2,
    .underline_thickness = 1,
#endif
    .dsc = &font_dsc,          /*The custom font data. Will be accessed by `get_glyph_bitmap/dsc` */
#if LV_VERSION_CHECK(8, 2, 0) || LVGL_VERSION_MAJOR >= 9
    .fallback = NULL,
#endif
    .user_data = NULL,
};



#endif /*#if LV_FONT_CHINESE_SIYUAN_16*/

